日期,股票代码,名称,收盘价,最高价,最低价,开盘价,前收盘,涨跌额,涨跌幅,换手率,成交量,成交金额,总市值,流通市值
2021-01-22,'603063,禾望电气,20.0,20.0,19.26,19.4,19.23,0.77,4.0042,4.6684,19970354,392927871.0,8676830000.0,8555570000.0
2021-01-21,'603063,禾望电气,19.23,19.43,18.01,18.3,18.17,1.06,5.8338,4.4643,19097138,361286390.0,8342772045.0,8226180555.0
2021-01-20,'603063,禾望电气,18.17,18.45,17.51,17.68,17.85,0.32,1.7927,3.0879,13209245,238867822.0,7882900055.0,7772735345.0
2021-01-19,'603063,禾望电气,17.85,18.83,17.63,18.1,18.22,-0.37,-2.0307,4.5489,19459288,354843578.0,7744070775.0,7635846225.0
2021-01-18,'603063,禾望电气,18.22,18.57,17.78,18.2,18.6,-0.38,-2.043,3.1357,13413900,244610864.0,7904592130.0,7794124270.0
2021-01-15,'603063,禾望电气,18.6,19.48,17.99,19.09,19.27,-0.67,-3.4769,5.6371,24114336,449096809.0,8069451900.0,7956680100.0
2021-01-14,'603063,禾望电气,19.27,20.77,18.8,20.11,20.42,-1.15,-5.6317,4.9605,21219839,415777873.0,8360125705.0,8243291695.0
2021-01-13,'603063,禾望电气,20.42,21.98,19.9,21.23,21.45,-1.03,-4.8019,5.0801,21731370,456004967.0,8859043430.0,8735236970.0
2021-01-12,'603063,禾望电气,21.45,21.72,20.25,20.57,21.05,0.4,1.9002,5.8863,25180330,527419406.0,9305900175.0,9175848825.0
2021-01-11,'603063,禾望电气,21.05,23.01,21.05,22.8,23.39,-2.34,-10.0043,5.9044,25257667,551136284.0,9132363575.0,9004737425.0
2021-01-08,'603063,禾望电气,23.39,23.66,21.6,22.98,22.32,1.07,4.7939,8.4796,36274017,833294034.0,10147552685.0,10005739115.0
2021-01-07,'603063,禾望电气,22.32,22.32,20.31,20.31,20.29,2.03,10.0049,5.9382,25402135,554696334.0,9683342280.0,9548016120.0
2021-01-06,'603063,禾望电气,20.29,20.47,19.02,19.73,20.1,0.19,0.9453,4.1152,17603901,347400087.0,8802644035.0,8679625765.0
2021-01-05,'603063,禾望电气,20.1,20.54,19.68,20.05,20.54,-0.44,-2.1422,4.1433,17724176,356193737.0,8720214150.0,8598347850.0
2021-01-04,'603063,禾望电气,20.54,20.65,18.9,19.39,19.33,1.21,6.2597,5.1749,22065955,435898668.0,8882842766.72,8758308746.72
2020-12-31,'603063,禾望电气,19.33,19.47,18.56,18.76,18.58,0.75,4.0366,3.6526,15574987,296397861.0,8359559429.44,8242361639.44
2020-12-30,'603063,禾望电气,18.58,19.06,18.46,18.46,18.45,0.13,0.7046,3.3707,14372625,268879794.0,8040505553.44,7922559713.44
2020-12-29,'603063,禾望电气,18.45,19.55,18.1,19.37,19.31,-0.86,-4.4537,4.5754,19509447,366967228.0,7984247979.6,7867127379.6
2020-12-28,'603063,禾望电气,19.31,19.98,19.0,19.3,19.46,-0.15,-0.7708,4.2829,18262189,353209160.0,8356413468.08,8233833588.08
2020-12-25,'603063,禾望电气,19.46,19.62,18.66,19.14,19.3,0.16,0.829,5.6841,24237216,465122527.0,8421326053.28,8297793973.28
2020-12-24,'603063,禾望电气,19.3,20.2,19.06,19.61,20.02,-0.72,-3.5964,5.8874,25103892,489146650.0,8352085962.4,8229569562.4
2020-12-23,'603063,禾望电气,20.02,21.88,19.51,20.13,20.34,-0.32,-1.5733,8.889,37902827,783472804.0,8663666371.36,8536579411.36
2020-12-22,'603063,禾望电气,20.34,21.69,19.58,20.0,19.72,0.62,3.144,8.957,38192868,781620239.0,8802146553.12,8673028233.12
2020-12-21,'603063,禾望电气,19.72,19.72,17.92,18.28,17.93,1.79,9.9833,7.4246,31658604,603001583.0,8533841200.96,8408658640.96
2020-12-18,'603063,禾望电气,17.93,18.48,16.5,17.13,17.35,0.58,3.3429,6.245,26629027,467811974.0,7759217684.24,7645398044.24
2020-12-17,'603063,禾望电气,17.35,17.52,15.52,16.89,17.06,0.29,1.6999,7.0342,29993986,490368437.0,7508222354.8,7398084554.8
2020-12-16,'603063,禾望电气,17.06,17.92,16.3,16.42,16.29,0.77,4.7268,7.2926,31095987,539061162.0,7382724690.08,7274427810.08
2020-12-15,'603063,禾望电气,16.29,16.66,15.98,16.46,16.64,-0.35,-2.1034,3.4712,14801301,240075004.0,7049506752.72,6946097832.72
2020-12-14,'603063,禾望电气,16.64,16.65,16.02,16.02,16.02,0.62,3.8702,3.4067,14526213,238841795.0,7200969451.52,7095338731.52
2020-12-11,'603063,禾望电气,16.02,16.86,15.67,16.49,16.25,-0.23,-1.4154,2.9773,12695492,207337847.0,6932664099.36,6830969139.36
2020-12-10,'603063,禾望电气,16.25,16.65,15.6,15.91,15.77,0.48,3.0438,3.201,13649300,220783718.0,7032196730.0,6929041730.0
2020-12-09,'603063,禾望电气,15.77,16.62,15.65,16.3,16.31,-0.54,-3.3109,3.5004,14925800,240524124.0,6824476457.36,6724368497.36
2020-12-08,'603063,禾望电气,16.31,16.61,15.88,16.03,16.23,0.08,0.4929,2.752,11734713,191895097.0,7058161764.08,6954625884.08
2020-12-07,'603063,禾望电气,16.23,16.61,15.87,16.25,16.13,0.1,0.62,2.761,11773151,191727617.0,7023541718.64,6920513678.64
2020-12-04,'603063,禾望电气,16.13,16.4,15.6,15.97,15.67,0.46,2.9355,2.877,12267725,196937809.0,6980266661.84,6877873421.84
2020-12-03,'603063,禾望电气,15.67,16.03,15.29,15.93,15.95,-0.28,-1.7555,3.0753,13113235,205734274.0,6781201400.56,6681728240.56
2020-12-02,'603063,禾望电气,15.95,16.88,15.68,16.77,16.52,-0.57,-3.4504,3.7732,16088956,259590763.0,6902371559.6,6801120959.6
2020-12-01,'603063,禾望电气,16.52,16.95,16.18,16.38,16.09,0.43,2.6725,3.5023,14934096,248307345.0,7149039383.36,7044170423.36
2020-11-30,'603063,禾望电气,16.09,16.35,15.71,16.24,15.9,0.19,1.195,3.2314,13778606,222155130.0,6962956639.12,6860817319.12
2020-11-27,'603063,禾望电气,15.9,16.81,15.67,16.63,16.82,-0.92,-5.4697,4.8668,20752215,332039787.0,6880734031.2,6779800831.2
2020-11-26,'603063,禾望电气,16.82,17.18,16.3,16.5,16.8,0.02,0.119,5.3388,22764707,381135270.0,7278864553.76,7172091193.76
2020-11-25,'603063,禾望电气,16.8,17.97,16.0,17.37,17.03,-0.23,-1.3506,7.8827,33612158,562540065.0,7270209542.4,7163563142.4
2020-11-24,'603063,禾望电气,17.03,17.03,15.12,15.2,15.48,1.55,10.0129,6.8504,29210229,471355216.0,7369742173.04,7261635733.04
2020-11-23,'603063,禾望电气,15.48,15.66,14.11,14.31,14.45,1.03,7.128,5.7736,24618720,371814942.0,6698978792.64,6600711752.64
2020-11-20,'603063,禾望电气,14.45,14.96,13.92,14.52,14.35,0.1,0.6969,6.8015,29001870,417640828.0,6253245707.6,6161517107.6
2020-11-19,'603063,禾望电气,14.35,14.82,13.55,13.73,13.47,0.88,6.533,9.8051,41809240,602388992.0,6209970650.8,6118876850.8
2020-11-18,'603063,禾望电气,13.47,13.75,12.4,12.45,12.6,0.87,6.9048,5.6489,24086887,320813378.0,5829150150.96,5743642590.96
2020-11-17,'603063,禾望电气,12.6,13.75,12.36,13.75,13.67,-1.07,-7.8274,5.2713,22477044,290078724.0,5452657156.8,5372672356.8
2020-11-16,'603063,禾望电气,13.67,14.25,13.11,13.11,13.27,0.4,3.0143,5.5513,23671000,324953169.0,5915700264.56,5828923104.56
2020-11-13,'603063,禾望电气,13.27,13.5,12.46,12.72,12.6,0.67,5.3175,4.7139,20100010,264030035.0,5742600037.36,5658362077.36
2020-11-12,'603063,禾望电气,12.6,12.86,12.35,12.68,12.86,-0.26,-2.0218,2.6075,11118385,140197491.0,5452657156.8,5372672356.8
2020-11-11,'603063,禾望电气,12.86,13.07,12.61,12.72,12.9,-0.04,-0.3101,3.3459,14267200,182984852.0,5565172304.48,5483537024.48
2020-11-10,'603063,禾望电气,12.9,13.18,12.04,12.2,12.37,0.53,4.2846,4.4548,18995582,240244913.0,5582482327.2,5500593127.2
2020-11-09,'603063,禾望电气,12.37,12.44,12.07,12.32,12.22,0.15,1.2275,3.0408,12965900,159312900.0,5353124526.16,5274599766.16
2020-11-06,'603063,禾望电气,12.22,12.55,12.0,12.4,12.28,-0.06,-0.4886,3.5228,15021444,184223350.0,5288211940.96,5210639380.96
2020-11-05,'603063,禾望电气,12.28,12.34,11.4,11.53,11.34,0.94,8.2892,4.745,20232602,241787923.0,5314176975.04,5236223535.04
2020-11-04,'603063,禾望电气,11.34,11.7,11.28,11.41,11.41,-0.07,-0.6135,2.1428,9136874,104747408.0,4907391441.12,4835405121.12
2020-11-03,'603063,禾望电气,11.41,11.6,11.28,11.48,11.55,-0.14,-1.2121,2.5503,10874600,124283002.0,4937683980.88,4865253300.88
2020-11-02,'603063,禾望电气,11.55,11.57,11.01,11.07,11.23,0.32,2.8495,2.8641,12212678,138941914.0,4998269060.4,4924949660.4
2020-10-30,'603063,禾望电气,11.23,12.27,11.18,12.26,12.18,-0.95,-7.7997,5.729,24428400,281891826.0,4859788878.64,4788500838.64
2020-10-29,'603063,禾望电气,12.18,12.95,12.06,12.48,12.38,-0.2,-1.6155,5.3206,22687002,283200792.0,5270901918.24,5193583278.24
2020-10-28,'603063,禾望电气,12.38,12.83,11.97,12.01,12.04,0.34,2.8239,3.3729,14382304,177723807.0,5357452031.84,5278863791.84
2020-10-27,'603063,禾望电气,12.04,12.4,11.78,12.22,12.28,-0.24,-1.9544,2.5583,10908704,130986122.0,5210316838.72,5133886918.72
2020-10-26,'603063,禾望电气,12.28,12.55,11.7,11.97,11.82,0.46,3.8917,2.5793,10998051,134460223.0,5314176975.04,5236223535.04
2020-10-23,'603063,禾望电气,11.82,12.54,11.82,12.17,12.28,-0.46,-3.7459,2.3331,9948305,120618474.0,5115111713.76,5040078353.76
2020-10-22,'603063,禾望电气,12.28,12.42,11.9,12.16,12.55,-0.27,-2.1514,2.4386,10398066,126235671.0,5314176975.04,5236223535.04
2020-10-21,'603063,禾望电气,12.55,13.64,12.27,13.55,13.33,-0.78,-5.8515,4.2993,18332367,234935583.0,5431019628.4,5351352228.4
2020-10-20,'603063,禾望电气,13.33,13.47,12.51,12.65,12.41,0.92,7.4134,4.0319,17191926,223381527.0,5768565071.44,5683946231.44
2020-10-19,'603063,禾望电气,12.41,12.85,12.35,12.58,12.39,0.02,0.1614,3.0787,13127720,165500062.0,5370434548.88,5291655868.88
2020-10-16,'603063,禾望电气,12.39,12.87,12.28,12.78,12.72,-0.33,-2.5943,3.6744,15667771,196216747.0,5361779537.52,5283127817.52
2020-10-15,'603063,禾望电气,12.72,13.6,12.6,13.4,13.6,-0.88,-6.4706,5.0843,21679649,280899285.0,5504587224.96,5423840664.96
2020-10-14,'603063,禾望电气,13.6,13.97,12.7,12.8,12.78,0.82,6.4163,6.6333,28284591,376698493.0,5885407724.8,5799074924.8
2020-10-13,'603063,禾望电气,12.78,13.08,12.66,13.07,13.31,-0.53,-3.982,5.2434,22357993,287091265.0,5530552259.04,5449424819.04
2020-10-12,'603063,禾望电气,13.31,13.31,11.97,12.1,12.1,1.21,10.0,7.6991,32829037,416391682.0,5759910060.08,5675418180.08
2020-10-09,'603063,禾望电气,12.1,12.21,11.82,11.95,11.1,1.0,9.009,6.5685,27865769,337459934.0,5210018000.0,5133207200.0
2020-09-30,'603063,禾望电气,11.1,11.45,10.32,10.32,10.46,0.64,6.1185,4.1855,17756031,196409463.0,4779438000.0,4708975200.0
2020-09-29,'603063,禾望电气,10.46,10.65,10.08,10.15,10.12,0.34,3.3597,2.1526,9131881,94932007.0,4503866800.0,4437466720.0
2020-09-28,'603063,禾望电气,10.12,10.3,9.9,10.3,10.13,-0.01,-0.0987,1.7206,7299281,73485182.0,4357469600.0,4293227840.0
2020-09-25,'603063,禾望电气,10.13,10.47,9.98,10.47,10.35,-0.22,-2.1256,2.3306,9887266,100425543.0,4361775400.0,4297470160.0
2020-09-24,'603063,禾望电气,10.35,10.7,10.22,10.49,10.58,-0.23,-2.1739,1.9337,8203400,85199052.0,4456503000.0,4390801200.0
2020-09-23,'603063,禾望电气,10.58,10.75,10.33,10.43,10.46,0.12,1.1472,2.3947,10159200,107248194.0,4555536400.0,4488374560.0
2020-09-22,'603063,禾望电气,10.46,10.7,10.28,10.64,10.64,-0.18,-1.6917,2.4571,10423932,109253567.0,4503866800.0,4437466720.0
2020-09-21,'603063,禾望电气,10.64,10.88,10.4,10.5,10.49,0.15,1.4299,2.4511,10398175,110563517.0,4581371200.0,4513828480.0
2020-09-18,'603063,禾望电气,10.49,10.75,10.27,10.36,10.46,0.03,0.2868,2.7892,11832681,124516533.0,4516784200.0,4450193680.0
2020-09-17,'603063,禾望电气,10.46,10.58,10.08,10.26,10.26,0.2,1.9493,3.4544,14654689,152526022.0,4503866800.0,4437466720.0
2020-09-16,'603063,禾望电气,10.26,10.58,9.61,9.69,9.69,0.57,5.8824,3.7918,16086075,163047363.0,4417750800.0,4352620320.0
2020-09-15,'603063,禾望电气,9.69,9.84,9.56,9.68,9.68,0.01,0.1033,1.6016,6794338,65774060.0,4172320200.0,4110808080.0
2020-09-14,'603063,禾望电气,9.68,9.82,9.41,9.44,9.28,0.4,4.3103,2.7228,11550950,111276753.0,4168014400.0,4106565760.0
2020-09-11,'603063,禾望电气,9.28,9.35,8.6,8.61,8.72,0.56,6.422,1.7414,7387550,66836229.0,3995782400.0,3936872960.0
2020-09-10,'603063,禾望电气,8.72,9.3,8.59,9.19,9.16,-0.44,-4.8035,1.6741,7102216,63383954.0,3754657600.0,3699303040.0
2020-09-09,'603063,禾望电气,9.16,9.35,9.11,9.16,9.26,-0.1,-1.0799,1.1247,4771200,44081831.0,3944112800.0,3885965120.0
2020-09-08,'603063,禾望电气,9.26,9.27,9.11,9.12,9.16,0.1,1.0917,0.7277,3087207,28409504.0,3987170800.0,3928388320.0
2020-09-07,'603063,禾望电气,9.16,9.46,9.1,9.27,9.21,-0.05,-0.5429,1.2545,5321800,49356836.0,3944112800.0,3885965120.0
2020-09-04,'603063,禾望电气,9.21,9.25,8.91,8.91,9.19,0.02,0.2176,1.0373,4400586,40206390.0,3965641800.0,3907176720.0
2020-09-03,'603063,禾望电气,9.19,9.41,9.14,9.41,9.4,-0.21,-2.234,1.4263,6050619,55799769.0,3957030200.0,3898692080.0
2020-09-02,'603063,禾望电气,9.4,9.47,9.21,9.33,9.28,0.12,1.2931,1.6774,7116101,66504139.0,4047452000.0,3987780800.0
2020-09-01,'603063,禾望电气,9.28,9.64,9.16,9.48,9.53,-0.25,-2.6233,2.461,10440171,97300889.0,3995782400.0,3936872960.0
2020-08-31,'603063,禾望电气,9.53,9.93,9.5,9.52,9.37,0.16,1.7076,2.6514,11248170,108856466.0,4103427400.0,4042930960.0
2020-08-28,'603063,禾望电气,9.37,9.99,9.35,9.77,9.54,-0.17,-1.782,4.2095,17858009,172259049.0,4034534600.0,3975053840.0
2020-08-27,'603063,禾望电气,9.54,9.55,9.09,9.16,9.13,0.41,4.4907,2.2949,9735700,90954582.0,4107733200.0,4047173280.0
2020-08-26,'603063,禾望电气,9.13,9.37,9.02,9.08,9.12,0.01,0.1096,1.7114,7260286,66538854.0,3931195400.0,3873238160.0
2020-08-25,'603063,禾望电气,9.12,9.21,8.91,9.09,9.09,0.03,0.33,1.9634,8329300,75577222.0,3926889600.0,3868995840.0
2020-08-24,'603063,禾望电气,9.09,9.29,8.78,8.79,8.7,0.39,4.4828,3.1154,13216400,120029015.0,3913972200.0,3856268880.0
2020-08-21,'603063,禾望电气,8.7,8.8,8.54,8.63,8.6,0.1,1.1628,1.5578,6608700,57374406.0,3746046000.0,3690818400.0
2020-08-20,'603063,禾望电气,8.6,8.65,8.31,8.44,8.52,0.08,0.939,1.6968,7198344,61482163.0,3702988000.0,3648395200.0
2020-08-19,'603063,禾望电气,8.52,8.77,8.43,8.54,8.58,-0.06,-0.6993,1.6484,6993219,60298903.0,3668541600.0,3614456640.0
2020-08-18,'603063,禾望电气,8.58,8.77,8.52,8.58,8.54,0.04,0.4684,1.5445,6552245,56527154.0,3694376400.0,3639910560.0
2020-08-17,'603063,禾望电气,8.54,8.57,8.41,8.43,8.45,0.09,1.0651,0.8807,3736261,31747148.0,3677153200.0,3622941280.0
2020-08-14,'603063,禾望电气,8.45,8.48,8.26,8.36,8.4,0.05,0.5952,1.0225,4337600,36238417.0,3638401000.0,3584760400.0
2020-08-13,'603063,禾望电气,8.4,8.62,8.37,8.53,8.54,-0.14,-1.6393,1.3376,5674590,48090282.0,3616872000.0,3563548800.0
2020-08-12,'603063,禾望电气,8.54,8.56,8.16,8.38,8.38,0.16,1.9093,1.7679,7500007,62904952.0,3677153200.0,3622941280.0
2020-08-11,'603063,禾望电气,8.38,8.64,8.35,8.4,8.4,-0.02,-0.2381,1.803,7649095,64915401.0,3608260400.0,3555064160.0
2020-08-10,'603063,禾望电气,8.4,8.52,8.26,8.26,8.32,0.08,0.9615,1.3557,5751494,48257085.0,3616872000.0,3563548800.0
2020-08-07,'603063,禾望电气,8.32,8.39,8.01,8.25,8.26,0.06,0.7264,1.8125,7689347,62931523.0,3582425600.0,3529610240.0
2020-08-06,'603063,禾望电气,8.26,8.41,8.16,8.4,8.42,-0.16,-1.9002,1.4589,6189253,51241393.0,3556590800.0,3504156320.0
2020-08-05,'603063,禾望电气,8.42,8.55,8.28,8.36,8.36,0.06,0.7177,1.253,5315635,44864199.0,3625483600.0,3572033440.0
2020-08-04,'603063,禾望电气,8.36,8.72,8.31,8.55,8.6,-0.24,-2.7907,1.8393,7802947,66183979.0,3599648800.0,3546579520.0
2020-08-03,'603063,禾望电气,8.6,8.93,8.1,8.16,8.12,0.48,5.9113,3.6496,15482800,132328302.0,3702988000.0,3648395200.0
2020-07-31,'603063,禾望电气,8.12,8.22,8.01,8.15,8.12,0.0,0.0,1.7203,7297971,59093157.0,3496309600.0,3444763840.0
2020-07-30,'603063,禾望电气,8.12,8.16,7.78,7.85,7.84,0.28,3.5714,2.6199,11114489,89310850.0,3496309600.0,3444763840.0
2020-07-29,'603063,禾望电气,7.84,7.85,7.66,7.77,7.89,-0.05,-0.6337,1.8684,7926414,61471603.0,3375747200.0,3325978880.0
2020-07-28,'603063,禾望电气,7.89,7.89,7.61,7.65,7.56,0.33,4.3651,1.1207,4754407,36908002.0,3397276200.0,3347190480.0
2020-07-27,'603063,禾望电气,7.56,7.76,7.53,7.63,7.66,-0.1,-1.3055,0.9619,2496511,18969133.0,3255184800.0,1962061920.0
2020-07-24,'603063,禾望电气,7.66,7.92,7.6,7.86,7.87,-0.21,-2.6684,1.8961,4920958,38196647.0,3298242800.0,1988015120.0
2020-07-23,'603063,禾望电气,7.87,7.92,7.64,7.78,7.83,0.04,0.5109,1.4474,3756490,29243212.0,3388664600.0,2042516840.0
2020-07-22,'603063,禾望电气,7.83,7.94,7.74,7.8,7.87,-0.04,-0.5083,1.8604,4828290,37955154.0,3371441400.0,2032135560.0
2020-07-21,'603063,禾望电气,7.87,8.1,7.82,7.89,7.83,0.04,0.5109,1.8324,4755600,37673357.0,3388664600.0,2042516840.0
2020-07-20,'603063,禾望电气,7.83,7.86,7.57,7.6,7.52,0.31,4.1223,1.6813,4363492,33862729.0,3371441400.0,2032135560.0
2020-07-17,'603063,禾望电气,7.52,7.61,7.41,7.54,7.54,-0.02,-0.2653,1.4525,3769800,28235785.0,3237961600.0,1951680640.0
2020-07-16,'603063,禾望电气,7.54,7.89,7.52,7.77,7.76,-0.22,-2.8351,2.0457,5309297,40994007.0,3246573200.0,1956871280.0
2020-07-15,'603063,禾望电气,7.76,8.06,7.71,7.99,8.0,-0.24,-3.0,2.1968,5701400,44830406.0,3341300800.0,2013968320.0
2020-07-14,'603063,禾望电气,8.0,8.13,7.86,8.02,8.05,-0.05,-0.6211,2.626,6815300,54440787.0,3444640000.0,2076256000.0
2020-07-13,'603063,禾望电气,8.05,8.06,7.79,7.81,7.82,0.23,2.9412,2.2747,5903457,47008937.0,3466169000.0,2089232600.0
2020-07-10,'603063,禾望电气,7.82,8.07,7.81,7.9,7.92,-0.1,-1.2626,2.4339,6316786,50018076.0,3367135600.0,2029540240.0
2020-07-09,'603063,禾望电气,7.92,7.92,7.76,7.78,7.77,0.15,1.9305,2.4629,6391954,50187215.0,3410193600.0,2055493440.0
2020-07-08,'603063,禾望电气,7.77,7.8,7.61,7.69,7.7,0.07,0.9091,2.4474,6351741,48969039.0,3345606600.0,2016563640.0
2020-07-07,'603063,禾望电气,7.7,7.8,7.55,7.67,7.63,0.07,0.9174,2.8304,7345900,56605408.0,3316120500.0,1998396400.0
2020-07-06,'603063,禾望电气,7.63,7.67,7.38,7.39,7.39,0.24,3.2476,2.6822,6961043,52659127.0,3285973950.0,1980229160.0
2020-07-03,'603063,禾望电气,7.39,7.4,7.31,7.4,7.35,0.04,0.5442,1.4877,3861147,28430184.0,3182614350.0,1917941480.0
2020-07-02,'603063,禾望电气,7.35,7.38,7.13,7.14,7.15,0.2,2.7972,1.9771,5131247,37363569.0,3165387750.0,1907560200.0
2020-07-01,'603063,禾望电气,7.15,7.17,7.09,7.12,7.12,0.03,0.4213,0.9961,2585300,18431035.0,3079254750.0,1855653800.0
2020-06-30,'603063,禾望电气,7.12,7.14,7.08,7.1,7.1,0.02,0.2817,1.1993,3112643,22136859.0,3066334800.0,1847867840.0
2020-06-29,'603063,禾望电气,7.1,7.14,7.04,7.05,7.09,0.01,0.141,0.8473,2199079,15622538.0,3057721500.0,1842677200.0
2020-06-24,'603063,禾望电气,7.09,7.24,7.03,7.23,7.23,-0.14,-1.9364,1.4641,3799900,27015392.0,3053414850.0,1840081880.0
2020-06-23,'603063,禾望电气,7.23,7.28,7.23,7.28,7.27,-0.04,-0.5502,0.5903,1532000,11096569.0,3113707950.0,1876416360.0
2020-06-22,'603063,禾望电气,7.27,7.33,7.24,7.27,7.27,0.0,0.0,0.9037,2345386,17060019.0,3130934550.0,1886797640.0
2020-06-19,'603063,禾望电气,7.27,7.36,7.24,7.28,7.32,-0.05,-0.6831,1.2765,3312936,24131222.0,3130934550.0,1886797640.0
2020-06-18,'603063,禾望电气,7.32,7.37,7.23,7.28,7.29,0.03,0.4115,0.6817,1769236,12909359.0,3152467800.0,1899774240.0
2020-06-17,'603063,禾望电气,7.29,7.43,7.23,7.43,7.39,-0.1,-1.3532,1.4525,3769604,27423847.0,3139547850.0,1891988280.0
2020-06-16,'603063,禾望电气,7.39,7.4,7.17,7.19,7.15,0.24,3.3566,1.4322,3716921,27103650.0,3182614350.0,1917941480.0
2020-06-15,'603063,禾望电气,7.15,7.23,7.12,7.15,7.19,-0.04,-0.5563,0.9845,2555010,18324166.0,3079254750.0,1855653800.0
2020-06-12,'603063,禾望电气,7.19,7.26,7.11,7.14,7.26,-0.07,-0.9642,1.1617,3015078,21553641.0,3096481350.0,1866035080.0
2020-06-11,'603063,禾望电气,7.26,7.32,7.24,7.31,7.33,-0.07,-0.955,1.0012,2598443,18899100.0,3126627900.0,1884202320.0
2020-06-10,'603063,禾望电气,7.33,7.48,7.31,7.45,7.48,-0.15,-2.0053,0.9172,2380300,17490986.0,3156774450.0,1902369560.0
2020-06-09,'603063,禾望电气,7.48,7.49,7.33,7.37,7.37,0.11,1.4925,1.2679,3290592,24501263.0,3221374200.0,1941299360.0
2020-06-08,'603063,禾望电气,7.37,7.44,7.31,7.33,7.32,0.05,0.6831,1.091,2831562,20881288.0,3174001050.0,1912750840.0
2020-06-05,'603063,禾望电气,7.32,7.43,7.28,7.38,7.37,-0.05,-0.6784,0.8693,2256000,16578367.0,3152467800.0,1899774240.0
2020-06-04,'603063,禾望电气,7.37,7.38,7.27,7.28,7.3,0.07,0.9589,1.0115,2625147,19275657.0,3174001050.0,1912750840.0
2020-06-03,'603063,XD禾望电,7.3,7.36,7.29,7.32,7.3,0.0,0.0,0.6371,1653500,12094635.0,3143854500.0,1894583600.0
2020-06-02,'603063,禾望电气,7.32,7.37,7.26,7.37,7.37,-0.05,-0.6784,1.4133,3667900,26827864.0,3152467800.0,1899774240.0
2020-06-01,'603063,禾望电气,7.37,7.38,7.18,7.2,7.18,0.19,2.6462,1.0879,2823486,20614657.0,3174001050.0,1912750840.0
2020-05-29,'603063,禾望电气,7.18,7.2,7.06,7.06,7.12,0.06,0.8427,0.7696,1997400,14252003.0,3092174700.0,1863439760.0
2020-05-28,'603063,禾望电气,7.12,7.24,7.02,7.18,7.19,-0.07,-0.9736,0.8993,2333886,16603450.0,3066334800.0,1847867840.0
2020-05-27,'603063,禾望电气,7.19,7.38,7.16,7.35,7.35,-0.16,-2.1769,0.9012,2338986,16961819.0,3096481350.0,1866035080.0
2020-05-26,'603063,禾望电气,7.35,7.35,7.23,7.29,7.27,0.08,1.1004,0.8137,2111900,15438746.0,3165387750.0,1907560200.0
2020-05-25,'603063,禾望电气,7.27,7.4,7.19,7.34,7.32,-0.05,-0.6831,0.8631,2240100,16308941.0,3130934550.0,1886797640.0
2020-05-22,'603063,禾望电气,7.32,7.47,7.19,7.45,7.43,-0.11,-1.4805,1.1914,3092000,22637490.0,3152467800.0,1899774240.0
2020-05-21,'603063,禾望电气,7.43,7.59,7.35,7.45,7.54,-0.11,-1.4589,1.6351,4243700,31731379.0,3199840950.0,1928322760.0
2020-05-20,'603063,禾望电气,7.54,7.62,7.33,7.48,7.45,0.09,1.2081,1.7063,4356093,32541646.0,3247214100.0,1924962000.0
2020-05-19,'603063,禾望电气,7.45,7.73,7.45,7.7,7.67,-0.22,-2.8683,2.4185,6174338,46435391.0,3208454250.0,1901985000.0
2020-05-18,'603063,禾望电气,7.67,7.83,7.61,7.71,7.61,0.06,0.7884,1.694,4324700,33464956.0,3303200550.0,1958151000.0
2020-05-15,'603063,禾望电气,7.61,7.89,7.59,7.85,7.87,-0.26,-3.3037,1.756,4483056,34572200.0,3277360650.0,1942833000.0
2020-05-14,'603063,禾望电气,7.87,8.1,7.79,8.09,8.09,-0.22,-2.7194,1.4635,3736200,29489136.0,3389333550.0,2009211000.0
2020-05-13,'603063,禾望电气,8.09,8.17,8.07,8.16,8.15,-0.06,-0.7362,0.8722,2226600,18045419.0,3484079850.0,2065377000.0
2020-05-12,'603063,禾望电气,8.15,8.32,8.07,8.32,8.18,-0.03,-0.3667,0.6742,1721204,14031341.0,3509919750.0,2080695000.0
2020-05-11,'603063,禾望电气,8.18,8.27,8.15,8.27,8.27,-0.09,-1.0883,0.6892,1759488,14419552.0,3522839700.0,2088354000.0
2020-05-08,'603063,禾望电气,8.27,8.34,8.21,8.25,8.24,0.03,0.3641,0.5952,1519588,12577642.0,3561599550.0,2111331000.0
2020-05-07,'603063,禾望电气,8.24,8.26,8.12,8.19,8.2,0.04,0.4878,0.8217,2097750,17197453.0,3548679600.0,2103672000.0
2020-05-06,'603063,禾望电气,8.2,8.26,8.06,8.19,8.17,0.03,0.3672,1.0925,2789100,22795753.0,3531453000.0,2093460000.0
2020-04-30,'603063,禾望电气,8.17,8.22,7.97,7.97,7.88,0.29,3.6802,1.0685,2727800,22199447.0,3518533050.0,2085801000.0
2020-04-29,'603063,禾望电气,7.88,8.13,7.76,7.96,7.96,-0.08,-1.005,0.935,2387161,18940540.0,3393640200.0,2011764000.0
2020-04-28,'603063,禾望电气,7.96,8.35,7.81,7.95,8.37,-0.41,-4.8984,1.3991,3572000,28594865.0,3428093400.0,2032188000.0
2020-04-27,'603063,禾望电气,8.37,8.49,8.19,8.29,8.2,0.17,2.0732,0.9765,2492932,20854681.0,3604666050.0,2136861000.0
2020-04-24,'603063,禾望电气,8.2,8.32,8.1,8.25,8.25,-0.05,-0.6061,0.5431,1386500,11372819.0,3531453000.0,2093460000.0
2020-04-23,'603063,禾望电气,8.25,8.36,8.24,8.36,8.37,-0.12,-1.4337,0.558,1424700,11785262.0,3552986250.0,2106225000.0
2020-04-22,'603063,禾望电气,8.37,8.41,8.28,8.38,8.44,-0.07,-0.8294,0.628,1603329,13373180.0,3604666050.0,2136861000.0
2020-04-21,'603063,禾望电气,8.44,8.47,8.25,8.29,8.29,0.15,1.8094,0.7448,1901400,15897195.0,3634812600.0,2154732000.0
2020-04-20,'603063,禾望电气,8.29,8.43,8.25,8.38,8.37,-0.08,-0.9558,0.4868,1242829,10316364.0,3570212850.0,2116437000.0
2020-04-17,'603063,禾望电气,8.37,8.43,8.28,8.31,8.3,0.07,0.8434,0.6494,1657800,13845707.0,3604666050.0,2136861000.0
2020-04-16,'603063,禾望电气,8.3,8.37,8.21,8.22,8.27,0.03,0.3628,0.5034,1285300,10652525.0,3574519500.0,2118990000.0
2020-04-15,'603063,禾望电气,8.27,8.43,8.24,8.36,8.32,-0.05,-0.601,0.7498,1914200,15942794.0,3561599550.0,2111331000.0
2020-04-14,'603063,禾望电气,8.32,8.35,8.25,8.32,8.26,0.06,0.7264,0.532,1358100,11268341.0,3583132800.0,2124096000.0
2020-04-13,'603063,禾望电气,8.26,8.39,8.21,8.28,8.38,-0.12,-1.432,0.7517,1919000,15877580.0,3557292900.0,2108778000.0
2020-04-10,'603063,禾望电气,8.38,8.66,8.33,8.66,8.62,-0.24,-2.7842,0.8087,2064700,17435581.0,3608972700.0,2139414000.0
2020-04-09,'603063,禾望电气,8.62,8.72,8.57,8.72,8.72,-0.1,-1.1468,0.7892,2014800,17401651.0,3712332300.0,2200686000.0
2020-04-08,'603063,禾望电气,8.72,8.77,8.45,8.47,8.52,0.2,2.3474,1.1649,2974000,25614779.0,3755398800.0,2226216000.0
2020-04-07,'603063,禾望电气,8.52,8.55,8.36,8.43,8.31,0.21,2.5271,0.8259,2108432,17860790.0,3669265800.0,2175156000.0
2020-04-03,'603063,禾望电气,8.31,8.58,8.26,8.45,8.5,-0.19,-2.2353,0.798,2037400,17028484.0,3578826150.0,2121543000.0
2020-04-02,'603063,禾望电气,8.5,8.5,8.17,8.19,8.26,0.24,2.9056,0.8717,2225575,18658939.0,3660652500.0,2170050000.0
2020-04-01,'603063,禾望电气,8.26,8.56,8.2,8.35,8.37,-0.11,-1.3142,0.961,2453518,20541332.0,3557292900.0,2108778000.0
2020-03-31,'603063,禾望电气,8.37,8.5,8.24,8.43,8.43,-0.06,-0.7117,0.9861,2517400,21099605.0,3604666050.0,2136861000.0
2020-03-30,'603063,禾望电气,8.43,8.44,8.0,8.32,8.36,0.07,0.8373,1.0636,2715400,22317836.0,3630505950.0,2152179000.0
2020-03-27,'603063,禾望电气,8.36,8.56,8.31,8.47,8.43,-0.07,-0.8304,0.7935,2025900,17099677.0,3600359400.0,2134308000.0
2020-03-26,'603063,禾望电气,8.43,8.61,8.38,8.52,8.54,-0.11,-1.2881,0.8381,2139700,18171537.0,3630505950.0,2152179000.0
2020-03-25,'603063,禾望电气,8.54,8.65,8.47,8.65,8.46,0.08,0.9456,0.76,1940400,16557024.0,3677879100.0,2180262000.0
2020-03-24,'603063,禾望电气,8.46,8.46,8.25,8.36,8.27,0.19,2.2975,1.045,2667854,22393431.0,3643425900.0,2159838000.0
2020-03-23,'603063,禾望电气,8.27,8.47,8.21,8.47,8.49,-0.22,-2.5913,1.0706,2733300,22707632.0,3561599550.0,2111331000.0
2020-03-20,'603063,禾望电气,8.49,8.53,8.33,8.53,8.35,0.14,1.6766,0.8213,2096900,17699691.0,3656345850.0,2167497000.0
2020-03-19,'603063,禾望电气,8.35,8.41,8.11,8.28,8.3,0.05,0.6024,1.0189,2601367,21504301.0,3596052750.0,2131755000.0
2020-03-18,'603063,禾望电气,8.3,8.7,8.26,8.5,8.41,-0.11,-1.308,1.5812,4036732,34260471.0,3574519500.0,2118990000.0
2020-03-17,'603063,禾望电气,8.41,8.51,7.99,8.35,8.35,0.06,0.7186,1.4691,3750662,31063983.0,3621892650.0,2147073000.0
2020-03-16,'603063,禾望电气,8.35,9.11,8.32,8.98,8.86,-0.51,-5.7562,1.7194,4389662,37975862.0,3597931500.0,2131755000.0
2020-03-13,'603063,禾望电气,8.86,9.02,8.34,8.5,8.95,-0.09,-1.0056,1.3835,3532100,30663875.0,3817685400.0,2261958000.0
2020-03-12,'603063,禾望电气,8.95,9.22,8.86,9.09,9.22,-0.27,-2.9284,1.6682,4258832,38343188.0,3856465500.0,2284935000.0
2020-03-11,'603063,禾望电气,9.22,9.69,9.2,9.66,9.59,-0.37,-3.8582,1.9677,5023507,47268793.0,3972805800.0,2353866000.0
2020-03-10,'603063,禾望电气,9.59,9.66,8.77,8.77,9.05,0.54,5.9669,2.7089,6915931,64741043.0,4132235100.0,2448327000.0
2020-03-09,'603063,禾望电气,9.05,9.65,9.04,9.47,9.51,-0.46,-4.837,1.842,4702700,43652249.0,3899554500.0,2310465000.0
2020-03-06,'603063,禾望电气,9.51,9.77,9.49,9.55,9.7,-0.19,-1.9588,1.2947,3305413,31732568.0,4097763900.0,2427903000.0
2020-03-05,'603063,禾望电气,9.7,9.84,9.48,9.55,9.48,0.22,2.3207,1.8945,4836602,46843136.0,4179633000.0,2476410000.0
2020-03-04,'603063,禾望电气,9.48,9.66,9.31,9.48,9.51,-0.03,-0.3155,1.3863,3539127,33514554.0,4084837200.0,2420244000.0
2020-03-03,'603063,禾望电气,9.51,9.89,9.45,9.74,9.67,-0.16,-1.6546,2.1603,5515175,53377875.0,4097763900.0,2427903000.0
2020-03-02,'603063,禾望电气,9.67,9.72,9.32,9.5,9.32,0.35,3.7554,2.2471,5736720,54648378.0,4166706300.0,2468751000.0
2020-02-28,'603063,禾望电气,9.32,9.79,9.31,9.42,9.79,-0.47,-4.8008,2.8147,7185961,68582013.0,4015894800.0,2379396000.0
2020-02-27,'603063,禾望电气,9.79,9.79,8.9,8.98,8.9,0.89,10.0,3.9584,10105736,95475093.0,4218413100.0,2499387000.0
2020-02-26,'603063,禾望电气,8.9,9.08,8.8,8.97,9.16,-0.26,-2.8384,1.4732,3761130,33693900.0,3834921000.0,2272170000.0
2020-02-25,'603063,禾望电气,9.16,9.16,8.71,9.01,9.16,0.0,0.0,1.8033,4603905,41230731.0,3946952400.0,2338548000.0
2020-02-24,'603063,禾望电气,9.16,9.27,8.9,9.02,9.03,0.13,1.4396,1.4966,3820810,34806988.0,3946952400.0,2338548000.0
2020-02-21,'603063,禾望电气,9.03,9.11,8.93,9.02,9.04,-0.01,-0.1106,1.0723,2737590,24724617.0,3890936700.0,2305359000.0
2020-02-20,'603063,禾望电气,9.04,9.06,8.85,8.9,8.9,0.14,1.573,1.0774,2750721,24702742.0,3895245600.0,2307912000.0
2020-02-19,'603063,禾望电气,8.9,9.12,8.87,8.99,8.97,-0.07,-0.7804,0.8432,2152800,19379333.0,3834921000.0,2272170000.0
2020-02-18,'603063,禾望电气,8.97,8.97,8.76,8.85,8.8,0.17,1.9318,0.9018,2302400,20411983.0,3865083300.0,2290041000.0
2020-02-17,'603063,禾望电气,8.8,8.85,8.51,8.61,8.56,0.24,2.8037,1.2327,3146969,27352539.0,3791832000.0,2246640000.0
2020-02-14,'603063,禾望电气,8.56,8.73,8.5,8.71,8.76,-0.2,-2.2831,1.0418,2659600,22842379.0,3688418400.0,2185368000.0
2020-02-13,'603063,禾望电气,8.76,8.81,8.51,8.65,8.63,0.13,1.5064,1.358,3466869,30015881.0,3774596400.0,2236428000.0
2020-02-12,'603063,禾望电气,8.63,8.67,8.45,8.45,8.52,0.11,1.2911,0.8698,2220698,19057598.0,3718580700.0,2203239000.0
2020-02-11,'603063,禾望电气,8.52,8.74,8.45,8.52,8.56,-0.04,-0.4673,1.4399,3676028,31412207.0,3671182800.0,2175156000.0
2020-02-10,'603063,禾望电气,8.56,8.67,8.25,8.28,8.29,0.27,3.2569,1.1878,3032329,25798368.0,3688418400.0,2185368000.0
2020-02-07,'603063,禾望电气,8.29,8.32,8.19,8.29,8.25,0.04,0.4848,0.7886,2013300,16621716.0,3572078100.0,2116437000.0
2020-02-06,'603063,禾望电气,8.25,8.36,8.07,8.23,8.17,0.08,0.9792,1.0545,2692192,22095243.0,3554842500.0,2106225000.0
2020-02-05,'603063,禾望电气,8.17,8.3,8.02,8.09,7.96,0.21,2.6382,1.1473,2928941,24021370.0,3520371300.0,2085801000.0
2020-02-04,'603063,禾望电气,7.96,8.28,7.51,7.51,8.34,-0.38,-4.5564,1.6087,4107135,32712508.0,3429884400.0,2032188000.0
2020-02-03,'603063,禾望电气,8.34,8.35,8.34,8.34,9.27,-0.93,-10.0324,0.2712,692300,5773907.0,3593622600.0,2129202000.0
2020-01-23,'603063,禾望电气,9.27,9.67,9.19,9.67,9.7,-0.43,-4.433,1.0551,2693743,25371541.0,3994350300.0,2366631000.0
2020-01-22,'603063,禾望电气,9.7,9.8,9.44,9.7,9.7,0.0,0.0,0.77,1965900,18888052.0,4179633000.0,2476410000.0
2020-01-21,'603063,禾望电气,9.7,9.87,9.63,9.87,9.89,-0.19,-1.9211,0.7898,2016321,19577770.0,4179633000.0,2476410000.0
2020-01-20,'603063,禾望电气,9.89,10.0,9.8,10.0,10.04,-0.15,-1.494,0.9365,2390985,23624903.0,4261502100.0,2524917000.0
2020-01-17,'603063,禾望电气,10.04,10.1,9.74,9.74,9.88,0.16,1.6194,1.4806,3780018,37782624.0,4326135600.0,2563212000.0
2020-01-16,'603063,禾望电气,9.88,9.96,9.6,9.67,9.72,0.16,1.6461,1.2041,3074111,30097951.0,4257193200.0,2522364000.0
2020-01-15,'603063,禾望电气,9.72,9.87,9.64,9.71,9.9,-0.18,-1.8182,0.9068,2314957,22493643.0,4188250800.0,2481516000.0
2020-01-14,'603063,禾望电气,9.9,10.08,9.81,9.98,9.88,0.02,0.2024,1.1151,2846827,28238384.0,4265811000.0,2527470000.0
2020-01-13,'603063,禾望电气,9.88,9.93,9.62,9.72,9.84,0.04,0.4065,1.2945,3304986,32419238.0,4257193200.0,2522364000.0
2020-01-10,'603063,禾望电气,9.84,10.17,9.8,10.0,10.03,-0.19,-1.8943,1.4834,3787124,37471061.0,4239957600.0,2512152000.0
2020-01-09,'603063,禾望电气,10.03,10.15,9.66,10.15,9.66,0.37,3.8302,2.3094,5895851,58639573.0,4321826700.0,2560659000.0
2020-01-08,'603063,禾望电气,9.66,9.86,9.58,9.73,9.73,-0.07,-0.7194,1.8364,4688407,45713266.0,4162397400.0,2466198000.0
2020-01-07,'603063,禾望电气,9.73,9.86,9.48,9.86,9.41,0.32,3.4006,1.962,5008869,48294484.0,4192559700.0,2484069000.0
2020-01-06,'603063,禾望电气,9.41,9.47,9.29,9.35,9.44,-0.03,-0.3178,1.1841,3022902,28366553.0,4054674900.0,2402373000.0
2020-01-03,'603063,禾望电气,9.44,10.0,9.41,10.0,9.47,-0.03,-0.3168,1.2152,3102362,29697123.0,4067601600.0,2410032000.0
2020-01-02,'603063,禾望电气,9.47,9.53,9.34,9.38,9.34,0.13,1.3919,1.5897,4058396,38312554.0,4080528300.0,2417691000.0
2019-12-31,'603063,禾望电气,9.34,9.58,9.28,9.37,9.17,0.17,1.8539,1.212,3094300,29098665.0,4024512600.0,2384502000.0
2019-12-30,'603063,禾望电气,9.17,9.29,8.95,9.27,9.2,-0.03,-0.3261,1.3232,3378100,30818877.0,3951261300.0,2341101000.0
2019-12-27,'603063,禾望电气,9.2,9.42,9.12,9.36,9.36,-0.16,-1.7094,1.0629,2713601,25205406.0,3964188000.0,2348760000.0
2019-12-26,'603063,禾望电气,9.36,9.44,9.25,9.38,9.38,-0.02,-0.2132,1.0753,2745353,25649415.0,4033130400.0,2389608000.0
2019-12-25,'603063,禾望电气,9.38,9.59,9.23,9.26,9.3,0.08,0.8602,1.7846,4555979,43092517.0,4041748200.0,2394714000.0
2019-12-24,'603063,禾望电气,9.3,9.38,9.04,9.35,9.28,0.02,0.2155,1.8241,4657022,42991798.0,4007277000.0,2374290000.0
2019-12-23,'603063,禾望电气,9.28,9.49,9.03,9.19,9.25,0.03,0.3243,2.0881,5330819,49312398.0,3998659200.0,2369184000.0
2019-12-20,'603063,禾望电气,9.25,9.87,9.25,9.65,9.56,-0.31,-3.2427,4.318,11023971,104669017.0,3985732500.0,2361525000.0
2019-12-19,'603063,禾望电气,9.56,9.56,8.69,8.69,8.69,0.87,10.0115,2.0907,5337509,50286618.0,4119308400.0,2440668000.0
2019-12-18,'603063,禾望电气,8.69,8.97,8.65,8.97,8.67,0.02,0.2307,1.1504,2937000,25651556.0,3744434100.0,2218557000.0
2019-12-17,'603063,禾望电气,8.67,8.68,8.56,8.68,8.58,0.09,1.049,0.9325,2380700,20529650.0,3735816300.0,2213451000.0
2019-12-16,'603063,禾望电气,8.58,8.59,8.44,8.44,8.44,0.14,1.6588,0.718,1833100,15631963.0,3697036200.0,2190474000.0
2019-12-13,'603063,禾望电气,8.44,8.45,8.28,8.33,8.29,0.15,1.8094,0.6233,1591300,13352269.0,3636711600.0,2154732000.0
2019-12-12,'603063,禾望电气,8.29,8.35,8.26,8.35,8.34,-0.05,-0.5995,0.3505,894700,7419778.0,3572078100.0,2116437000.0
2019-12-11,'603063,禾望电气,8.34,8.49,8.29,8.49,8.3,0.04,0.4819,0.4947,1263000,10547138.0,3593622600.0,2129202000.0
2019-12-10,'603063,禾望电气,8.3,8.33,8.25,8.26,8.28,0.02,0.2415,0.4778,1219913,10108455.0,3576387000.0,2118990000.0
2019-12-09,'603063,禾望电气,8.28,8.41,8.28,8.3,8.34,-0.06,-0.7194,0.4999,1276200,10609418.0,3567769200.0,2113884000.0
2019-12-06,'603063,禾望电气,8.34,8.39,8.3,8.32,8.35,-0.01,-0.1198,0.4342,1108500,9238271.0,3593622600.0,2129202000.0
2019-12-05,'603063,禾望电气,8.35,8.6,8.29,8.6,8.23,0.12,1.4581,0.7364,1880100,15748819.0,3597931500.0,2131755000.0
2019-12-04,'603063,禾望电气,8.23,8.27,8.17,8.18,8.23,0.0,0.0,0.452,1153900,9483085.0,3546224700.0,2101119000.0
2019-12-03,'603063,禾望电气,8.23,8.34,8.07,8.34,8.1,0.13,1.6049,0.5785,1476943,12099305.0,3546224700.0,2101119000.0
2019-12-02,'603063,禾望电气,8.1,8.13,8.0,8.0,8.17,-0.07,-0.8568,0.7488,1911800,15411724.0,3490209000.0,2067930000.0
2019-11-29,'603063,禾望电气,8.17,8.5,8.06,8.45,8.13,0.04,0.492,0.7224,1844400,15172920.0,3520371300.0,2085801000.0
2019-11-28,'603063,禾望电气,8.13,8.2,8.04,8.16,8.16,-0.03,-0.3676,0.4124,1052900,8577132.0,3503135700.0,2075589000.0
2019-11-27,'603063,禾望电气,8.16,8.33,8.0,8.0,8.08,0.08,0.9901,0.6095,1556111,12731462.0,3516062400.0,2083248000.0
2019-11-26,'603063,禾望电气,8.08,8.29,7.99,8.1,8.15,-0.07,-0.8589,0.3949,1008174,8176978.0,3481591200.0,2062824000.0
2019-11-25,'603063,禾望电气,8.15,8.35,8.08,8.1,8.04,0.11,1.3682,0.5725,1461600,11926483.0,3511753500.0,2080695000.0
2019-11-22,'603063,禾望电气,8.04,8.19,8.02,8.11,8.16,-0.12,-1.4706,0.4884,1246800,10072013.0,3464355600.0,2052612000.0
2019-11-21,'603063,禾望电气,8.16,8.45,7.99,7.99,8.03,0.13,1.6189,0.5348,1365262,11162336.0,3516062400.0,2083248000.0
2019-11-20,'603063,禾望电气,8.03,8.19,8.01,8.17,8.15,-0.12,-1.4724,0.4772,1218400,9837106.0,3460046700.0,2050059000.0
2019-11-19,'603063,禾望电气,8.15,8.2,7.98,8.08,8.04,0.11,1.3682,0.775,1978558,16055723.0,3511753500.0,2080695000.0
2019-11-18,'603063,禾望电气,8.04,8.14,8.0,8.01,8.09,-0.05,-0.618,0.6009,1534200,12351258.0,3464355600.0,2052612000.0
2019-11-15,'603063,禾望电气,8.09,8.21,8.06,8.21,8.15,-0.06,-0.7362,0.68,1736100,14105707.0,3485900100.0,2065377000.0
2019-11-14,'603063,禾望电气,8.15,8.24,8.11,8.19,8.19,-0.04,-0.4884,0.5798,1480200,12135544.0,3511753500.0,2080695000.0
2019-11-13,'603063,禾望电气,8.19,8.44,8.08,8.39,8.36,-0.17,-2.0335,1.0689,2728830,22493186.0,3528989100.0,2090907000.0
2019-11-12,'603063,禾望电气,8.36,8.44,7.96,8.4,8.4,-0.04,-0.4762,1.3491,3444343,28275422.0,3602240400.0,2134308000.0
2019-11-11,'603063,禾望电气,8.4,8.71,8.4,8.71,8.66,-0.26,-3.0023,0.647,1651900,13965961.0,3619476000.0,2144520000.0
2019-11-08,'603063,禾望电气,8.66,8.83,8.63,8.8,8.67,-0.01,-0.1153,1.0181,2599300,22660408.0,3731507400.0,2210898000.0
2019-11-07,'603063,禾望电气,8.67,8.8,8.62,8.76,8.68,-0.01,-0.1152,1.0394,2653500,23107319.0,3735816300.0,2213451000.0
2019-11-06,'603063,禾望电气,8.68,8.92,8.66,8.78,8.76,-0.08,-0.9132,1.2259,3129706,27541425.0,3740125200.0,2216004000.0
2019-11-05,'603063,禾望电气,8.76,9.11,8.66,9.11,8.92,-0.16,-1.7937,1.8439,4707506,41632332.0,3774596400.0,2236428000.0
2019-11-04,'603063,禾望电气,8.92,8.98,8.75,8.84,8.73,0.19,2.1764,1.0743,2742601,24429668.0,3843538800.0,2277276000.0
2019-11-01,'603063,禾望电气,8.73,8.89,8.63,8.7,8.7,0.03,0.3448,1.0887,2779369,24433162.0,3761669700.0,2228769000.0
2019-10-31,'603063,禾望电气,8.7,8.95,8.69,8.95,8.99,-0.29,-3.2258,1.1998,3063200,26969410.0,3748743000.0,2221110000.0
2019-10-30,'603063,禾望电气,8.99,9.21,8.9,9.21,9.05,-0.06,-0.663,1.0392,2653038,23909327.0,3873701100.0,2295147000.0
2019-10-29,'603063,禾望电气,9.05,9.22,9.05,9.08,9.13,-0.08,-0.8762,0.6925,1767900,16126976.0,3899554500.0,2310465000.0
2019-10-28,'603063,禾望电气,9.13,9.15,9.0,9.04,9.0,0.13,1.4444,0.7814,1994824,18153319.0,3934025700.0,2330889000.0
2019-10-25,'603063,禾望电气,9.0,9.01,8.86,8.9,8.89,0.11,1.2373,0.4483,1144500,10236700.0,3878010000.0,2297700000.0
2019-10-24,'603063,禾望电气,8.89,8.93,8.82,8.92,8.92,-0.03,-0.3363,0.2313,590400,5241304.0,3830612100.0,2269617000.0
2019-10-23,'603063,禾望电气,8.92,9.02,8.88,8.91,8.99,-0.07,-0.7786,0.3017,770200,6878515.0,3843538800.0,2277276000.0
2019-10-22,'603063,禾望电气,8.99,9.08,8.9,9.03,8.98,0.01,0.1114,0.4505,1150118,10322585.0,3873701100.0,2295147000.0
2019-10-21,'603063,禾望电气,8.98,9.05,8.75,8.97,8.99,-0.01,-0.1112,1.2606,3218352,28725845.0,3869392200.0,2292594000.0
2019-10-18,'603063,禾望电气,8.99,9.25,8.95,9.18,9.18,-0.19,-2.0697,1.013,2586106,23448750.0,3873701100.0,2295147000.0
2019-10-17,'603063,禾望电气,9.18,9.35,9.16,9.35,9.23,-0.05,-0.5417,0.4991,1274305,11740962.0,3955570200.0,2343654000.0
2019-10-16,'603063,禾望电气,9.23,9.4,9.23,9.33,9.33,-0.1,-1.0718,0.7635,1949297,18143247.0,3977114700.0,2356419000.0
2019-10-15,'603063,禾望电气,9.33,9.44,9.23,9.39,9.35,-0.02,-0.2139,0.6342,1619145,15067631.0,4020203700.0,2381949000.0
2019-10-14,'603063,禾望电气,9.35,9.44,9.18,9.28,9.17,0.18,1.9629,1.2524,3197260,29922658.0,4028821500.0,2387055000.0
2019-10-11,'603063,禾望电气,9.17,9.35,9.1,9.34,9.28,-0.11,-1.1853,0.7028,1794200,16488615.0,3951261300.0,2341101000.0
2019-10-10,'603063,禾望电气,9.28,9.36,9.19,9.2,9.22,0.06,0.6508,0.6632,1693120,15705889.0,3998659200.0,2369184000.0
2019-10-09,'603063,禾望电气,9.22,9.28,9.04,9.18,9.1,0.12,1.3187,0.7355,1877852,17255606.0,3972805800.0,2353866000.0
2019-10-08,'603063,禾望电气,9.1,9.27,9.01,9.07,9.07,0.03,0.3308,0.7172,1831100,16750189.0,3921099000.0,2323230000.0
2019-09-30,'603063,禾望电气,9.07,9.12,8.94,9.05,9.01,0.06,0.6659,0.5837,1490148,13453260.0,3908172300.0,2315571000.0
2019-09-27,'603063,禾望电气,9.01,9.03,8.9,9.0,8.97,0.04,0.4459,0.4526,1155580,10375879.0,3882318900.0,2300253000.0
2019-09-26,'603063,禾望电气,8.97,9.23,8.92,9.16,9.15,-0.18,-1.9672,0.9526,2432109,21955355.0,3865083300.0,2290041000.0
2019-09-25,'603063,禾望电气,9.15,9.56,9.15,9.55,9.56,-0.41,-4.2887,1.3165,3360971,31116776.0,3942643500.0,2335995000.0
2019-09-24,'603063,禾望电气,9.56,9.64,9.2,9.25,9.23,0.33,3.5753,2.1119,5391726,51044194.0,4119308400.0,2440668000.0
2019-09-23,'603063,禾望电气,9.23,9.39,9.13,9.39,9.39,-0.16,-1.7039,1.1379,2905043,26733900.0,3977114700.0,2356419000.0
2019-09-20,'603063,禾望电气,9.39,9.67,9.33,9.51,9.49,-0.1,-1.0537,1.2194,3113100,29421298.0,4046057100.0,2397267000.0
2019-09-19,'603063,禾望电气,9.49,9.61,9.38,9.6,9.53,-0.04,-0.4197,1.0475,2674300,25300020.0,4089146100.0,2422797000.0
2019-09-18,'603063,禾望电气,9.53,9.7,9.46,9.59,9.6,-0.07,-0.7292,0.7895,2015600,19251746.0,4106381700.0,2433009000.0
2019-09-17,'603063,禾望电气,9.6,10.0,9.54,9.95,10.0,-0.4,-4.0,1.4573,3720556,36073263.0,4136544000.0,2450880000.0
2019-09-16,'603063,禾望电气,10.0,10.17,9.96,10.17,10.08,-0.08,-0.7937,0.7792,1989400,19963542.0,4308900000.0,2553000000.0
2019-09-12,'603063,禾望电气,10.08,10.17,9.95,10.09,9.99,0.09,0.9009,1.3096,3343433,33635472.0,4343371200.0,2573424000.0
2019-09-11,'603063,禾望电气,9.99,10.36,9.93,10.09,9.95,0.04,0.402,1.8694,4772505,48151826.0,4304591100.0,2550447000.0
2019-09-10,'603063,禾望电气,9.95,10.2,9.85,10.15,10.09,-0.14,-1.3875,1.3638,3481843,34821553.0,4287355500.0,2540235000.0
2019-09-09,'603063,禾望电气,10.09,10.32,9.91,9.99,10.15,-0.06,-0.5911,2.1298,5437324,54898231.0,4347680100.0,2575977000.0
2019-09-06,'603063,禾望电气,10.15,10.29,9.6,9.66,9.49,0.66,6.9547,3.748,9568707,95170465.0,4373533500.0,2591295000.0
2019-09-05,'603063,禾望电气,9.49,9.7,9.11,9.3,9.2,0.29,3.1522,2.7521,7026211,66666174.0,4089146100.0,2422797000.0
2019-09-04,'603063,禾望电气,9.2,9.36,8.77,8.86,8.87,0.33,3.7204,2.6346,6726201,61814854.0,3964188000.0,2348760000.0
2019-09-03,'603063,禾望电气,8.87,8.97,8.8,8.85,8.85,0.02,0.226,1.0922,2788300,24758836.0,3821994300.0,2264511000.0
2019-09-02,'603063,禾望电气,8.85,8.85,8.6,8.66,8.7,0.15,1.7241,1.5583,3978460,34777358.0,3813376500.0,2259405000.0
2019-08-30,'603063,禾望电气,8.7,8.98,8.65,8.88,8.77,-0.07,-0.7982,1.3077,3338585,29312327.0,3748743000.0,2221110000.0
2019-08-29,'603063,禾望电气,8.77,9.04,8.73,9.04,9.11,-0.34,-3.7322,2.4943,6368006,56130287.0,3778905300.0,2238981000.0
2019-08-28,'603063,禾望电气,9.11,9.24,9.03,9.15,9.17,-0.06,-0.6543,0.9516,2429400,22127615.0,3925407900.0,2325783000.0
2019-08-27,'603063,禾望电气,9.17,9.21,8.88,8.88,8.82,0.35,3.9683,1.3785,3519206,31985400.0,3951261300.0,2341101000.0
2019-08-26,'603063,禾望电气,8.82,8.89,8.75,8.75,8.97,-0.15,-1.6722,1.1556,2950368,26057127.0,3800449800.0,2251746000.0
2019-08-23,'603063,禾望电气,8.97,9.16,8.95,9.13,9.18,-0.21,-2.2876,1.3986,3570500,32225343.0,3865083300.0,2290041000.0
2019-08-22,'603063,禾望电气,9.18,9.6,9.07,9.54,9.45,-0.27,-2.8571,1.9633,5012266,46236586.0,3955570200.0,2343654000.0
2019-08-21,'603063,禾望电气,9.45,9.79,9.09,9.2,9.2,0.25,2.7174,2.3314,5952009,55917346.0,4071910500.0,2412585000.0
2019-08-20,'603063,禾望电气,9.2,9.37,9.19,9.29,9.27,-0.07,-0.7551,1.052,2685809,24887191.0,3964188000.0,2348760000.0
2019-08-19,'603063,禾望电气,9.27,9.44,8.95,8.98,8.82,0.45,5.102,1.6639,4247855,39085778.0,3994350300.0,2366631000.0
2019-08-16,'603063,禾望电气,8.82,8.97,8.76,8.92,8.9,-0.08,-0.8989,0.8487,2166616,19169014.0,3800449800.0,2251746000.0
2019-08-15,'603063,禾望电气,8.9,8.98,8.51,8.71,8.88,0.02,0.2252,0.6721,1715800,15108531.0,3834921000.0,2272170000.0
2019-08-14,'603063,禾望电气,8.88,9.07,8.87,8.95,8.88,0.0,0.0,0.6201,1583100,14188016.0,3826303200.0,2267064000.0
2019-08-13,'603063,禾望电气,8.88,9.02,8.74,8.79,8.83,0.05,0.5663,1.3891,3546320,31557653.0,3826303200.0,2267064000.0
2019-08-12,'603063,禾望电气,8.83,8.91,8.58,8.76,8.69,0.14,1.611,2.7369,6987431,61175275.0,3804758700.0,2254299000.0
2019-08-09,'603063,禾望电气,8.69,9.05,8.56,9.05,8.99,-0.3,-3.337,2.3187,5919620,51783771.0,3744434100.0,2218557000.0
2019-08-08,'603063,禾望电气,8.99,9.2,8.85,9.12,8.99,0.0,0.0,1.5521,3962449,35732280.0,3873701100.0,2295147000.0
2019-08-07,'603063,禾望电气,8.99,9.26,8.96,9.22,9.15,-0.16,-1.7486,1.1884,3034106,27512776.0,3873701100.0,2295147000.0
2019-08-06,'603063,禾望电气,9.15,9.23,8.86,9.18,9.36,-0.21,-2.2436,2.0426,5214800,47283693.0,3942643500.0,2335995000.0
2019-08-05,'603063,禾望电气,9.36,9.6,9.32,9.6,9.55,-0.19,-1.9895,0.9155,2337333,22028637.0,4033130400.0,2389608000.0
2019-08-02,'603063,禾望电气,9.55,9.64,9.32,9.35,9.57,-0.02,-0.209,1.0375,2648634,25304199.0,4114999500.0,2438115000.0
2019-08-01,'603063,禾望电气,9.57,9.89,9.25,9.89,9.93,-0.36,-3.6254,2.76,7046202,66922396.0,4123617300.0,2443221000.0
2019-07-31,'603063,禾望电气,9.93,10.03,9.91,9.99,9.94,-0.01,-0.1006,0.4946,1262700,12568554.0,4278737700.0,2535129000.0
2019-07-30,'603063,禾望电气,9.94,10.15,9.92,10.05,9.98,-0.04,-0.4008,0.5863,1496728,14980931.0,4283046600.0,2537682000.0
2019-07-29,'603063,禾望电气,9.98,10.2,9.96,10.09,9.98,0.0,0.0,0.7471,1907300,19180858.0,4300282200.0,2547894000.0
2019-07-26,'603063,禾望电气,9.98,10.22,9.92,9.92,9.99,-0.01,-0.1001,0.9643,2461934,24784274.0,4300282200.0,2547894000.0
2019-07-25,'603063,禾望电气,9.99,10.08,9.95,10.03,10.02,-0.03,-0.2994,0.5316,1357100,13579045.0,4304591100.0,2550447000.0
2019-07-24,'603063,禾望电气,10.02,10.2,9.78,9.8,9.79,0.23,2.3493,1.3304,3396500,34209877.0,4317517800.0,2558106000.0
2019-07-23,'603063,禾望电气,9.79,9.9,9.43,9.43,9.43,0.36,3.8176,1.0895,2781426,26957457.0,4218413100.0,2499387000.0
2019-07-22,'603063,禾望电气,9.43,9.7,9.42,9.6,9.69,-0.26,-2.6832,1.3233,3378308,32247108.0,4063292700.0,2407479000.0
2019-07-19,'603063,禾望电气,9.69,9.85,9.61,9.63,9.68,0.01,0.1033,0.9077,2317248,22515296.0,4175324100.0,2473857000.0
2019-07-18,'603063,禾望电气,9.68,9.88,9.67,9.76,9.9,-0.22,-2.2222,1.0109,2580937,25114989.0,4171015200.0,2471304000.0
2019-07-17,'603063,禾望电气,9.9,10.06,9.57,9.71,9.61,0.29,3.0177,1.8776,4793438,47306838.0,4265811000.0,2527470000.0
2019-07-16,'603063,禾望电气,9.61,9.93,9.54,9.93,9.83,-0.22,-2.238,2.2269,5685357,55013464.0,4140852900.0,2453433000.0
2019-07-15,'603063,禾望电气,9.83,10.09,9.69,9.84,9.88,-0.05,-0.5061,2.4536,6264000,61819430.0,4235648700.0,2509599000.0
2019-07-12,'603063,禾望电气,9.88,11.0,9.5,10.81,10.52,-0.64,-6.0837,3.9686,10131761,101159231.0,4257193200.0,2522364000.0
2019-07-11,'603063,禾望电气,10.52,11.23,10.5,10.98,10.98,-0.46,-4.1894,1.8366,4688800,51402593.0,4532962800.0,2685756000.0
2019-07-10,'603063,禾望电气,10.98,11.16,10.75,10.75,10.86,0.12,1.105,1.299,3316375,36432613.0,4731172200.0,2803194000.0
2019-07-09,'603063,禾望电气,10.86,10.95,10.57,10.85,10.9,-0.04,-0.367,0.9774,2495187,26859362.0,4679465400.0,2772558000.0
2019-07-08,'603063,禾望电气,10.9,10.96,10.52,10.82,10.78,0.12,1.1132,1.2676,3236100,34643536.0,4696701000.0,2782770000.0
2019-07-05,'603063,禾望电气,10.78,11.0,10.71,11.0,11.02,-0.24,-2.1779,0.7173,1831338,19792590.0,4644994200.0,2752134000.0
2019-07-04,'603063,禾望电气,11.02,11.05,10.8,10.88,10.87,0.15,1.3799,0.9847,2513835,27433730.0,4748407800.0,2813406000.0
2019-07-03,'603063,禾望电气,10.87,11.08,10.81,11.08,11.1,-0.23,-2.0721,1.5777,4027886,44001420.0,4683774300.0,2775111000.0
2019-07-02,'603063,禾望电气,11.1,11.46,11.08,11.4,11.47,-0.37,-3.2258,2.3671,6043097,67639211.0,4782879000.0,2833830000.0
2019-07-01,'603063,禾望电气,11.47,11.48,11.1,11.18,11.08,0.39,3.5199,3.2963,8415547,94804192.0,4942308300.0,2928291000.0
2019-06-28,'603063,禾望电气,11.08,11.3,10.95,11.16,11.18,-0.1,-0.8945,3.0224,7716073,85769947.0,4774261200.0,2828724000.0
2019-06-27,'603063,禾望电气,11.18,11.52,10.55,10.58,10.47,0.71,6.7813,5.1739,13209088,147701759.0,4817350200.0,2854254000.0
2019-06-26,'603063,禾望电气,10.47,10.62,10.34,10.4,10.34,0.13,1.2573,1.9955,5094623,53491001.0,4511418300.0,2672991000.0
2019-06-25,'603063,禾望电气,10.34,10.53,10.23,10.53,10.45,-0.11,-1.0526,1.1989,3060681,31749003.0,4455402600.0,2639802000.0
2019-06-24,'603063,禾望电气,10.45,10.8,10.38,10.72,10.72,-0.27,-2.5187,1.3689,3494781,36786831.0,4502800500.0,2667885000.0
2019-06-21,'603063,禾望电气,10.72,10.94,10.45,10.59,10.6,0.12,1.1321,3.0812,7866280,84164898.0,4619140800.0,2736816000.0
2019-06-20,'603063,禾望电气,10.6,10.63,10.17,10.56,10.52,0.08,0.7605,2.2984,5867731,61045935.0,4567434000.0,2706180000.0
2019-06-19,'603063,禾望电气,10.52,10.88,10.5,10.88,10.67,-0.15,-1.4058,4.1176,10512320,112238698.0,4532962800.0,2685756000.0
2019-06-18,'603063,禾望电气,10.67,10.95,10.29,10.29,10.4,0.27,2.5962,4.2191,10771380,115077728.0,4597596300.0,2724051000.0
2019-06-17,'603063,禾望电气,10.4,10.4,9.9,10.0,9.91,0.49,4.9445,2.6807,6843759,70305556.0,4481256000.0,2655120000.0
2019-06-14,'603063,禾望电气,9.91,10.2,9.91,10.2,10.17,-0.26,-2.5565,0.7486,1911158,19161917.0,4270119900.0,2530023000.0
2019-06-13,'603063,禾望电气,10.17,10.2,10.0,10.03,10.0,0.17,1.7,1.0633,2714673,27521376.0,4382151300.0,2596401000.0
2019-06-12,'603063,禾望电气,10.0,10.15,9.89,9.96,9.98,0.02,0.2004,0.7868,2008800,20127364.0,4308900000.0,2553000000.0
2019-06-11,'603063,禾望电气,9.98,10.0,9.61,9.61,9.65,0.33,3.4197,1.1622,2967113,29260549.0,4300282200.0,2547894000.0
2019-06-10,'603063,禾望电气,9.65,9.79,9.62,9.63,9.63,0.02,0.2077,0.8234,2102102,20340934.0,4158088500.0,2463645000.0
2019-06-06,'603063,XD禾望电,9.63,10.18,9.53,10.13,10.22,-0.59,-5.773,1.8598,4747999,46667435.0,4149470700.0,2458539000.0
2019-06-05,'603063,禾望电气,10.23,10.25,9.95,9.96,9.9,0.33,3.3333,1.7593,4491372,45615940.0,4408004700.0,2611719000.0
2019-06-04,'603063,禾望电气,9.9,10.17,9.9,10.1,10.2,-0.3,-2.9412,1.568,4003000,39914689.0,4265811000.0,2527470000.0
2019-06-03,'603063,禾望电气,10.2,10.21,9.94,10.06,10.1,0.1,0.9901,1.4222,3631002,36543462.0,4395078000.0,2604060000.0
2019-05-31,'603063,禾望电气,10.1,10.37,10.06,10.11,10.03,0.07,0.6979,1.9098,4875700,49782211.0,4351989000.0,2578530000.0
2019-05-30,'603063,禾望电气,10.03,10.1,9.89,10.1,10.06,-0.03,-0.2982,0.9261,2364400,23604569.0,4321826700.0,2560659000.0
2019-05-29,'603063,禾望电气,10.06,10.18,10.02,10.18,10.06,0.0,0.0,1.0214,2607700,26314698.0,4334753400.0,2568318000.0
2019-05-28,'603063,禾望电气,10.06,10.27,10.05,10.22,10.2,-0.14,-1.3725,1.6875,4308300,43782112.0,4334753400.0,2568318000.0
2019-05-27,'603063,禾望电气,10.2,10.33,9.51,9.52,9.58,0.62,6.4718,2.4081,6147886,61809579.0,4395078000.0,2604060000.0
2019-05-24,'603063,禾望电气,9.58,9.65,9.43,9.57,9.49,0.09,0.9484,1.0735,2740575,26156386.0,4127926200.0,2445774000.0
2019-05-23,'603063,禾望电气,9.49,9.99,9.49,9.99,9.82,-0.33,-3.3605,1.3318,3400002,32966350.0,4089146100.0,2422797000.0
2019-05-22,'603063,禾望电气,9.82,10.05,9.69,10.05,9.9,-0.08,-0.8081,1.1032,2816345,27751465.0,4231339800.0,2507046000.0
2019-05-21,'603063,禾望电气,9.9,10.2,9.85,9.85,9.92,-0.02,-0.2016,1.5276,3900000,39212437.0,4265811000.0,2527470000.0
2019-05-20,'603063,禾望电气,9.92,9.94,9.53,9.53,9.73,0.19,1.9527,1.1805,3013722,29472688.0,4274428800.0,2532576000.0
2019-05-17,'603063,禾望电气,9.73,10.42,9.7,10.37,10.22,-0.49,-4.7945,1.6483,4208200,42003141.0,4192559700.0,2484069000.0
2019-05-16,'603063,禾望电气,10.22,10.55,10.17,10.18,10.14,0.08,0.789,2.0472,5226394,53856404.0,4403695800.0,2609166000.0
2019-05-15,'603063,禾望电气,10.14,10.24,9.8,9.82,9.75,0.39,4.0,2.968,7577323,75933995.0,4369224600.0,2588742000.0
2019-05-14,'603063,禾望电气,9.75,9.84,9.6,9.6,9.78,-0.03,-0.3067,1.1286,2881286,28150996.0,4201177500.0,2489175000.0
2019-05-13,'603063,禾望电气,9.78,9.98,9.71,9.98,9.95,-0.17,-1.7085,1.226,3130072,30592019.0,4214104200.0,2496834000.0
2019-05-10,'603063,禾望电气,9.95,9.98,9.4,9.68,9.6,0.35,3.6458,2.6379,6734531,65968616.0,4287355500.0,2540235000.0
2019-05-09,'603063,禾望电气,9.6,9.74,9.47,9.47,9.46,0.14,1.4799,1.5539,3967136,37994979.0,4136544000.0,2450880000.0
2019-05-08,'603063,禾望电气,9.46,9.64,9.2,9.35,9.4,0.06,0.6383,1.776,4534137,43064027.0,4076219400.0,2415138000.0
2019-05-07,'603063,禾望电气,9.4,9.63,9.26,9.38,9.25,0.15,1.6216,1.4118,3604269,33935500.0,4050366000.0,2399820000.0
2019-05-06,'603063,禾望电气,9.25,9.84,9.05,9.46,9.62,-0.37,-3.8462,2.4081,6147800,58131106.0,3985732500.0,2361525000.0
2019-04-30,'603063,禾望电气,9.62,9.64,9.26,9.42,9.46,0.16,1.6913,0.9166,2339986,22433576.0,4145161800.0,2455986000.0
2019-04-29,'603063,禾望电气,9.46,9.83,9.21,9.83,9.7,-0.24,-2.4742,1.2967,3310500,31601452.0,4076219400.0,2415138000.0
2019-04-26,'603063,禾望电气,9.7,9.84,9.62,9.8,9.84,-0.14,-1.4228,1.6372,4179761,40658458.0,4179633000.0,2476410000.0
2019-04-25,'603063,禾望电气,9.84,9.98,9.73,9.98,9.98,-0.14,-1.4028,1.5184,3876349,38240208.0,4239957600.0,2512152000.0
2019-04-24,'603063,禾望电气,9.98,9.98,9.68,9.77,9.76,0.22,2.2541,1.4864,3794877,37346736.0,4300282200.0,2547894000.0
2019-04-23,'603063,禾望电气,9.76,10.01,9.76,9.87,9.91,-0.15,-1.5136,1.4456,3690523,36401433.0,4205486400.0,2491728000.0
2019-04-22,'603063,禾望电气,9.91,10.19,9.88,10.11,10.11,-0.2,-1.9782,1.8484,4719000,47245448.0,4270119900.0,2530023000.0
2019-04-19,'603063,禾望电气,10.11,10.12,9.83,9.99,9.92,0.19,1.9153,1.9898,5080070,50752510.0,4356297900.0,2581083000.0
2019-04-18,'603063,禾望电气,9.92,10.15,9.9,10.04,10.0,-0.08,-0.8,2.5677,6555399,65622076.0,4274428800.0,2532576000.0
2019-04-17,'603063,禾望电气,10.0,10.16,9.96,10.14,10.06,-0.06,-0.5964,2.9534,7539936,75864781.0,4308900000.0,2553000000.0
2019-04-16,'603063,禾望电气,10.06,10.1,9.72,10.06,9.98,0.08,0.8016,3.2217,8225124,81576355.0,4334753400.0,2568318000.0
2019-04-15,'603063,禾望电气,9.98,10.28,9.94,10.02,9.88,0.1,1.0121,3.969,10132853,102188086.0,4300282200.0,2547894000.0
2019-04-12,'603063,禾望电气,9.88,10.53,9.5,10.48,10.36,-0.48,-4.6332,4.9074,12528617,124334608.0,4257193200.0,2522364000.0
2019-04-11,'603063,禾望电气,10.36,10.95,10.29,10.85,10.83,-0.47,-4.3398,2.3237,5932410,62566096.0,4464020400.0,2644908000.0
2019-04-10,'603063,禾望电气,10.83,11.05,10.8,11.05,11.22,-0.39,-3.4759,1.8453,4711081,51299308.0,4666538700.0,2764899000.0
2019-04-09,'603063,禾望电气,11.22,11.34,9.81,10.9,10.9,0.32,2.9358,3.5566,9080068,99016980.0,4834585800.0,2864466000.0
2019-04-08,'603063,禾望电气,10.9,11.48,10.81,11.4,11.41,-0.51,-4.4698,2.8947,7390178,81834343.0,4696701000.0,2782770000.0
2019-04-04,'603063,禾望电气,11.41,11.66,11.22,11.44,11.48,-0.07,-0.6098,2.5702,6561820,74602969.0,4916454900.0,2912973000.0
2019-04-03,'603063,禾望电气,11.48,11.62,11.15,11.5,11.7,-0.22,-1.8803,3.1219,7970315,90878774.0,4946617200.0,2930844000.0
2019-04-02,'603063,禾望电气,11.7,12.03,11.56,11.98,12.0,-0.3,-2.5,3.5905,9166667,108150728.0,5041413000.0,2987010000.0
2019-04-01,'603063,禾望电气,12.0,12.3,11.06,11.06,11.41,0.59,5.1709,4.4895,11461801,134098076.0,5170680000.0,3063600000.0
2019-03-29,'603063,禾望电气,11.41,11.58,10.79,11.13,11.25,0.16,1.4222,3.5551,9076115,101787931.0,4916454900.0,2912973000.0
2019-03-28,'603063,禾望电气,11.25,11.31,10.91,11.06,10.9,0.35,3.211,3.0238,7719813,86234063.0,4847512500.0,2872125000.0
2019-03-27,'603063,禾望电气,10.9,11.09,10.7,10.81,10.93,-0.03,-0.2745,1.7425,4448600,48409076.0,4696701000.0,2782770000.0
2019-03-26,'603063,禾望电气,10.93,11.55,10.88,11.2,11.03,-0.1,-0.9066,2.6037,6647281,74379208.0,4709627700.0,2790429000.0
2019-03-25,'603063,禾望电气,11.03,11.27,10.71,10.94,11.03,0.0,0.0,2.9076,7423199,82154927.0,4752716700.0,2815959000.0
2019-03-22,'603063,禾望电气,11.03,11.23,10.75,11.09,11.2,-0.17,-1.5179,3.0703,7838400,86115173.0,4632600000.0,2815959000.0
2019-03-21,'603063,禾望电气,11.2,11.55,10.93,11.29,11.29,-0.09,-0.7972,3.9487,10080999,113745861.0,4704000000.0,2859360000.0
2019-03-20,'603063,禾望电气,11.29,11.64,10.83,10.83,10.84,0.45,4.1513,6.6182,16896211,191617306.0,4741800000.0,2882337000.0
2019-03-19,'603063,禾望电气,10.84,10.88,10.53,10.7,10.71,0.13,1.2138,2.7985,7144543,76692577.0,4552800000.0,2767452000.0
2019-03-18,'603063,禾望电气,10.71,10.95,10.12,10.47,10.47,0.24,2.2923,4.5994,11742264,124689027.0,4498200000.0,2734263000.0
2019-03-15,'603063,禾望电气,10.47,10.84,10.4,10.55,10.47,0.0,0.0,3.7757,9639385,102538172.0,4397400000.0,2672991000.0
2019-03-14,'603063,禾望电气,10.47,10.88,9.99,10.66,11.1,-0.63,-5.6757,5.8957,15051610,156718945.0,4397400000.0,2672991000.0
2019-03-13,'603063,禾望电气,11.1,11.79,10.81,11.42,11.79,-0.69,-5.8524,7.7683,19832389,224111826.0,4662000000.0,2833830000.0
2019-03-12,'603063,禾望电气,11.79,12.54,11.4,12.42,11.4,0.39,3.4211,14.5264,37085909,448419005.0,4951800000.0,3009987000.0
2019-03-11,'603063,禾望电气,11.4,11.4,10.42,10.58,10.36,1.04,10.0386,8.685,22172741,245762549.0,4788000000.0,2910420000.0
2019-03-08,'603063,禾望电气,10.36,10.8,10.1,10.1,10.85,-0.49,-4.5161,6.0801,15522561,162634683.0,4351200000.0,2644908000.0
2019-03-07,'603063,禾望电气,10.85,11.39,10.35,10.6,10.72,0.13,1.2127,7.4888,19119000,205585167.0,4557000000.0,2770005000.0
2019-03-06,'603063,禾望电气,10.72,10.76,10.31,10.6,10.85,-0.13,-1.1982,7.3378,18733461,197346464.0,4502400000.0,2736816000.0
2019-03-05,'603063,禾望电气,10.85,11.03,10.1,10.32,10.56,0.29,2.7462,9.0986,23228706,246189946.0,4557000000.0,2770005000.0
2019-03-04,'603063,禾望电气,10.56,10.78,9.97,10.35,9.86,0.7,7.0994,14.0892,35969626,372865436.0,4435200000.0,2695968000.0
2019-03-01,'603063,禾望电气,9.86,9.86,9.25,9.25,8.96,0.9,10.0446,14.1706,36177669,349617605.0,4141200000.0,2517258000.0
2019-02-28,'603063,禾望电气,8.96,8.96,8.46,8.55,8.55,0.41,4.7953,6.8648,17525757,154261061.0,3763200000.0,2287488000.0
2019-02-27,'603063,禾望电气,8.55,8.86,8.41,8.78,8.76,-0.21,-2.3973,5.2002,13276137,114387827.0,3591000000.0,2182815000.0
2019-02-26,'603063,禾望电气,8.76,9.08,8.69,9.0,9.25,-0.49,-5.2973,8.0562,20567499,182556563.0,3679200000.0,2236428000.0
2019-02-25,'603063,禾望电气,9.25,9.26,8.31,8.44,8.42,0.83,9.8575,9.7264,24831459,216879788.0,3885000000.0,2361525000.0
2019-02-22,'603063,禾望电气,8.42,8.44,8.19,8.21,8.33,0.09,1.0804,4.3199,11028675,92044617.0,3536400000.0,2149626000.0
2019-02-21,'603063,禾望电气,8.33,8.77,8.29,8.57,8.63,-0.3,-3.4762,6.4161,16380264,139232071.0,3498600000.0,2126649000.0
2019-02-20,'603063,禾望电气,8.63,8.85,8.45,8.82,8.91,-0.28,-3.1425,6.4788,16540343,142502957.0,3624600000.0,2203239000.0
2019-02-19,'603063,禾望电气,8.91,9.52,8.58,8.63,8.77,0.14,1.5964,11.2815,28801557,257554852.0,3742200000.0,2274723000.0
2019-02-18,'603063,禾望电气,8.77,8.85,8.3,8.41,8.57,0.2,2.3337,11.8798,30329102,260860187.0,3683400000.0,2238981000.0
2019-02-15,'603063,禾望电气,8.57,8.87,8.21,8.65,8.89,-0.32,-3.5996,15.2116,38835322,331809112.0,3599400000.0,2187921000.0
2019-02-14,'603063,禾望电气,8.89,8.89,7.8,7.8,8.08,0.81,10.0248,15.7904,40312891,347431613.0,3733800000.0,2269617000.0
2019-02-13,'603063,禾望电气,8.08,8.6,7.9,8.0,7.95,0.13,1.6352,15.1387,38649118,315538137.0,3393600000.0,2062824000.0
2019-02-12,'603063,禾望电气,7.95,7.95,7.95,7.95,7.23,0.72,9.9585,2.4293,6202121,49306862.0,3339000000.0,2029635000.0
2019-02-11,'603063,禾望电气,7.23,7.23,6.67,6.69,6.57,0.66,10.0457,3.8098,9726333,68132704.0,3036600000.0,1845819000.0
2019-02-01,'603063,禾望电气,6.57,6.63,6.28,6.35,6.25,0.32,5.12,1.7764,4535043,29445775.0,2759400000.0,1677321000.0
2019-01-31,'603063,禾望电气,6.25,6.46,6.15,6.15,6.32,-0.07,-1.1076,1.3438,3430700,21587936.0,2625000000.0,1595625000.0
2019-01-30,'603063,禾望电气,6.32,6.58,6.22,6.3,6.35,-0.03,-0.4724,1.5168,3872302,24913593.0,2654400000.0,1613496000.0
2019-01-29,'603063,禾望电气,6.35,6.73,6.1,6.73,6.78,-0.43,-6.3422,3.022,7715098,48844298.0,2667000000.0,1621155000.0
2019-01-28,'603063,禾望电气,6.78,7.12,6.57,6.68,6.57,0.21,3.1963,3.237,8264100,56810958.0,2847600000.0,1730934000.0
2019-01-25,'603063,禾望电气,6.57,6.8,6.57,6.7,6.86,-0.29,-4.2274,2.0046,5117700,34243163.0,2759400000.0,1677321000.0
2019-01-24,'603063,禾望电气,6.86,6.92,6.78,6.83,6.82,0.04,0.5865,1.0837,2766690,18992356.0,2881200000.0,1751358000.0
2019-01-23,'603063,禾望电气,6.82,6.87,6.74,6.74,6.8,0.02,0.2941,0.9462,2415671,16438257.0,2864400000.0,1741146000.0
2019-01-22,'603063,禾望电气,6.8,7.0,6.75,7.0,7.0,-0.2,-2.8571,1.8382,4692901,32020525.0,2856000000.0,1736040000.0
2019-01-21,'603063,禾望电气,7.0,7.14,6.93,7.11,7.0,0.0,0.0,2.0433,5216512,36530199.0,2940000000.0,1787100000.0
2019-01-18,'603063,禾望电气,7.0,7.13,6.8,6.84,6.84,0.16,2.3392,2.771,7074357,49171359.0,2940000000.0,1787100000.0
2019-01-17,'603063,禾望电气,6.84,6.95,6.76,6.86,6.9,-0.06,-0.8696,1.532,3911288,26850102.0,2872800000.0,1746252000.0
2019-01-16,'603063,禾望电气,6.9,7.02,6.83,6.98,6.98,-0.08,-1.1461,1.8213,4649890,32218482.0,2898000000.0,1761570000.0
2019-01-15,'603063,禾望电气,6.98,7.01,6.83,6.92,6.91,0.07,1.013,1.9886,5076998,35171255.0,2931600000.0,1781994000.0
2019-01-14,'603063,禾望电气,6.91,7.05,6.83,7.02,6.99,-0.08,-1.1445,2.2138,5651759,39076341.0,2902200000.0,1764123000.0
2019-01-11,'603063,禾望电气,6.99,7.11,6.89,7.01,7.16,-0.17,-2.3743,3.5434,9046401,63141743.0,2935800000.0,1784547000.0
2019-01-10,'603063,禾望电气,7.16,7.38,7.02,7.09,6.97,0.19,2.726,5.0406,12868696,92520277.0,3007200000.0,1827948000.0
2019-01-09,'603063,禾望电气,6.97,7.4,6.75,6.75,6.75,0.22,3.2593,4.9538,12647135,89381172.0,2927400000.0,1779441000.0
2019-01-08,'603063,禾望电气,6.75,6.87,6.67,6.75,6.73,0.02,0.2972,1.9185,4897891,33169633.0,2835000000.0,1723275000.0
2019-01-07,'603063,禾望电气,6.73,6.83,6.48,6.5,6.51,0.22,3.3794,2.5197,6432778,43094736.0,2826600000.0,1718169000.0
2019-01-04,'603063,禾望电气,6.51,6.52,6.15,6.22,6.24,0.27,4.3269,1.8281,4667031,29882052.0,2734200000.0,1662003000.0
2019-01-03,'603063,禾望电气,6.24,6.38,6.23,6.28,6.32,-0.08,-1.2658,0.9321,2379600,15006955.0,2620800000.0,1593072000.0
2019-01-02,'603063,禾望电气,6.32,6.42,6.27,6.33,6.31,0.01,0.1585,0.8128,2075143,13113905.0,2654400000.0,1613496000.0
2018-12-28,'603063,禾望电气,6.31,6.54,6.25,6.48,6.48,-0.17,-2.6235,1.2907,3295278,21066412.0,2650200000.0,1610943000.0
2018-12-27,'603063,禾望电气,6.48,6.73,6.48,6.61,6.51,-0.03,-0.4608,1.8345,4683500,30950112.0,2721600000.0,1654344000.0
2018-12-26,'603063,禾望电气,6.51,6.67,6.38,6.41,6.38,0.13,2.0376,1.6222,4141504,27127100.0,2734200000.0,1662003000.0
2018-12-25,'603063,禾望电气,6.38,6.57,6.1,6.55,6.65,-0.27,-4.0602,1.905,4863404,30874464.0,2679600000.0,1628814000.0
2018-12-24,'603063,禾望电气,6.65,6.65,6.46,6.52,6.57,0.08,1.2177,0.9218,2353300,15559659.0,2793000000.0,1697745000.0
2018-12-21,'603063,禾望电气,6.57,6.73,6.5,6.69,6.72,-0.15,-2.2321,1.3616,3476116,22949522.0,2759400000.0,1677321000.0
2018-12-20,'603063,禾望电气,6.72,6.81,6.61,6.7,6.69,0.03,0.4484,1.2606,3218439,21598939.0,2822400000.0,1715616000.0
2018-12-19,'603063,禾望电气,6.69,6.82,6.66,6.73,6.73,-0.04,-0.5944,1.8396,4696439,31686343.0,2809800000.0,1707957000.0
2018-12-18,'603063,禾望电气,6.73,6.93,6.67,6.85,6.9,-0.17,-2.4638,2.065,5272072,35861893.0,2826600000.0,1718169000.0
2018-12-17,'603063,禾望电气,6.9,6.91,6.66,6.87,6.82,0.08,1.173,2.6746,6828356,46376253.0,2898000000.0,1761570000.0
2018-12-14,'603063,禾望电气,6.82,7.19,6.82,7.15,7.19,-0.37,-5.146,3.3299,8501316,59701930.0,2864400000.0,1741146000.0
2018-12-13,'603063,禾望电气,7.19,7.31,7.11,7.26,7.29,-0.1,-1.3717,3.2731,8356300,60131124.0,3019800000.0,1835607000.0
2018-12-12,'603063,禾望电气,7.29,7.48,7.21,7.25,7.33,-0.04,-0.5457,3.732,9527877,70053669.0,3061800000.0,1861137000.0
2018-12-11,'603063,禾望电气,7.33,7.48,7.2,7.48,7.5,-0.17,-2.2667,5.2597,13428072,98208048.0,3078600000.0,1871349000.0
2018-12-10,'603063,禾望电气,7.5,7.73,6.96,7.01,7.15,0.35,4.8951,6.7521,17238137,126076971.0,3150000000.0,1914750000.0
2018-12-07,'603063,禾望电气,7.15,7.23,6.83,6.89,6.94,0.21,3.0259,4.1602,10621113,74557256.0,3003000000.0,1825395000.0
2018-12-06,'603063,禾望电气,6.94,7.1,6.73,6.79,6.77,0.17,2.5111,4.253,10858032,75273929.0,2914800000.0,1771782000.0
2018-12-05,'603063,禾望电气,6.77,6.88,6.73,6.76,6.91,-0.14,-2.026,1.5574,3976099,27008448.0,2843400000.0,1728381000.0
2018-12-04,'603063,禾望电气,6.91,6.92,6.8,6.87,6.92,-0.01,-0.1445,2.1112,5389927,37040729.0,2902200000.0,1764123000.0
2018-12-03,'603063,禾望电气,6.92,6.95,6.7,6.8,6.64,0.28,4.2169,2.5651,6548660,44842409.0,2906400000.0,1766676000.0
2018-11-30,'603063,禾望电气,6.64,6.7,6.32,6.43,6.51,0.13,1.9969,1.6069,4102440,26675818.0,2788800000.0,1695192000.0
2018-11-29,'603063,禾望电气,6.51,6.83,6.39,6.75,6.71,-0.2,-2.9806,2.0454,5221998,35036388.0,2734200000.0,1662003000.0
2018-11-28,'603063,禾望电气,6.71,6.71,6.35,6.58,6.58,0.13,1.9757,1.9778,5049252,33205256.0,2818200000.0,1713063000.0
2018-11-27,'603063,禾望电气,6.58,6.65,6.49,6.56,6.54,0.04,0.6116,1.4174,3618499,23821215.0,2763600000.0,1679874000.0
2018-11-26,'603063,禾望电气,6.54,6.69,6.46,6.59,6.67,-0.13,-1.949,1.847,4715299,31007934.0,2746800000.0,1669662000.0
2018-11-23,'603063,禾望电气,6.67,7.06,6.62,7.04,7.04,-0.37,-5.2557,2.4974,6375799,43518687.0,2801400000.0,1702851000.0
2018-11-22,'603063,禾望电气,7.04,7.14,6.9,6.99,6.92,0.12,1.7341,2.8459,7265613,50904923.0,2956800000.0,1797312000.0
2018-11-21,'603063,禾望电气,6.92,6.92,6.72,6.74,6.86,0.06,0.8746,1.8248,4658613,31746237.0,2906400000.0,1766676000.0
2018-11-20,'603063,禾望电气,6.86,7.06,6.8,7.06,7.15,-0.29,-4.0559,2.7597,7045613,49032920.0,2881200000.0,1751358000.0
2018-11-19,'603063,禾望电气,7.15,7.16,6.87,7.11,7.11,0.04,0.5626,3.0035,7668000,53805742.0,3003000000.0,1825395000.0
2018-11-16,'603063,禾望电气,7.11,7.29,7.02,7.03,7.0,0.11,1.5714,3.4584,8829400,63169345.0,2986200000.0,1815183000.0
2018-11-15,'603063,禾望电气,7.0,7.03,6.76,6.8,6.8,0.2,2.9412,3.3936,8663814,59827161.0,2940000000.0,1787100000.0
2018-11-14,'603063,禾望电气,6.8,7.08,6.75,6.88,6.76,0.04,0.5917,3.8735,9889002,67980780.0,2856000000.0,1736040000.0
2018-11-13,'603063,禾望电气,6.76,6.91,6.52,6.53,6.6,0.16,2.4242,5.6464,14415328,97364220.0,2839200000.0,1725828000.0
2018-11-12,'603063,禾望电气,6.6,6.62,6.38,6.38,6.37,0.23,3.6107,2.4862,6347165,41528008.0,2772000000.0,1684980000.0
2018-11-09,'603063,禾望电气,6.37,6.52,6.36,6.41,6.47,-0.1,-1.5456,1.7419,4447069,28621953.0,2675400000.0,1626261000.0
2018-11-08,'603063,禾望电气,6.47,6.68,6.4,6.54,6.4,0.07,1.0938,2.6195,6687591,43853832.0,2717400000.0,1651791000.0
2018-11-07,'603063,禾望电气,6.4,6.58,6.4,6.51,6.51,-0.11,-1.6897,1.5742,4018900,26116120.0,2688000000.0,1633920000.0
2018-11-06,'603063,禾望电气,6.51,6.63,6.42,6.61,6.62,-0.11,-1.6616,1.8009,4597600,29940523.0,2734200000.0,1662003000.0
2018-11-05,'603063,禾望电气,6.62,6.74,6.51,6.58,6.5,0.12,1.8462,3.288,8394225,55709335.0,2780400000.0,1690086000.0
2018-11-02,'603063,禾望电气,6.5,6.55,6.31,6.31,6.27,0.23,3.6683,2.4595,6279200,40279456.0,2730000000.0,1659450000.0
2018-11-01,'603063,禾望电气,6.27,6.45,6.26,6.38,6.28,-0.01,-0.1592,1.9884,5076500,32203087.0,2633400000.0,1600731000.0
2018-10-31,'603063,禾望电气,6.28,6.36,6.17,6.27,6.22,0.06,0.9646,1.726,4406483,27753391.0,2637600000.0,1603284000.0
2018-10-30,'603063,禾望电气,6.22,6.29,5.99,6.1,6.1,0.12,1.9672,1.5045,3840900,23630480.0,2612400000.0,1587966000.0
2018-10-29,'603063,禾望电气,6.1,6.27,6.1,6.21,6.21,-0.11,-1.7713,1.0663,2722300,16856869.0,2562000000.0,1557330000.0
2018-10-26,'603063,禾望电气,6.21,6.34,6.19,6.21,6.18,0.03,0.4854,1.558,3977600,24923781.0,2608200000.0,1585413000.0
2018-10-25,'603063,禾望电气,6.18,6.23,5.97,6.05,6.3,-0.12,-1.9048,1.8694,4772684,28999119.0,2595600000.0,1577754000.0
2018-10-24,'603063,禾望电气,6.3,6.42,6.3,6.38,6.38,-0.08,-1.2539,1.9902,5080900,32317294.0,2646000000.0,1608390000.0
2018-10-23,'603063,禾望电气,6.38,6.51,6.33,6.4,6.57,-0.19,-2.8919,3.4015,8684100,55705678.0,2679600000.0,1628814000.0
2018-10-22,'603063,禾望电气,6.57,6.76,6.3,6.34,6.27,0.3,4.7847,6.066,15486500,101232880.0,2759400000.0,1677321000.0
2018-10-19,'603063,禾望电气,6.27,6.27,5.53,5.63,5.7,0.57,10.0,2.9494,7529943,45862438.0,2633400000.0,1600731000.0
2018-10-18,'603063,禾望电气,5.7,5.94,5.7,5.92,5.98,-0.28,-4.6823,1.3229,3377243,19644965.0,2394000000.0,1455210000.0
2018-10-17,'603063,禾望电气,5.98,5.99,5.7,5.94,5.8,0.18,3.1034,1.4682,3748200,22024971.0,2511600000.0,1526694000.0
2018-10-16,'603063,禾望电气,5.8,6.08,5.79,5.89,5.87,-0.07,-1.1925,1.4387,3673100,21812439.0,2436000000.0,1480740000.0
2018-10-15,'603063,禾望电气,5.87,6.14,5.87,5.99,5.92,-0.05,-0.8446,1.3036,3328100,20009427.0,2465400000.0,1498611000.0
2018-10-12,'603063,禾望电气,5.92,6.23,5.77,6.16,6.21,-0.29,-4.6699,1.7228,4398301,26334331.0,2486400000.0,1511376000.0
2018-10-11,'603063,禾望电气,6.21,6.68,6.18,6.68,6.87,-0.66,-9.607,1.737,4434600,28291214.0,2608200000.0,1585413000.0
2018-10-10,'603063,禾望电气,6.87,6.91,6.74,6.82,6.81,0.06,0.8811,1.0373,2648232,18089699.0,2885400000.0,1753911000.0
2018-10-09,'603063,禾望电气,6.81,6.92,6.78,6.81,6.8,0.01,0.1471,1.1177,2853590,19493552.0,2860200000.0,1738593000.0
2018-10-08,'603063,禾望电气,6.8,7.16,6.8,7.16,7.21,-0.41,-5.6865,1.5473,3950351,27413487.0,2856000000.0,1736040000.0
2018-09-28,'603063,禾望电气,7.21,7.26,7.12,7.2,7.21,0.0,0.0,1.0912,2785900,20052607.0,3028200000.0,1840713000.0
2018-09-27,'603063,禾望电气,7.21,7.4,7.18,7.4,7.37,-0.16,-2.171,1.6195,4134550,30075843.0,3028200000.0,1840713000.0
2018-09-26,'603063,禾望电气,7.37,7.43,7.25,7.31,7.47,-0.1,-1.3387,1.744,4452312,32694675.0,3095400000.0,1881561000.0
2018-09-25,'603063,禾望电气,7.47,7.53,7.45,7.48,7.48,-0.01,-0.1337,0.9982,2548303,19063199.0,3137400000.0,1907091000.0
2018-09-21,'603063,禾望电气,7.48,7.55,7.43,7.52,7.46,0.02,0.2681,2.1095,5385616,40237179.0,3141600000.0,1909644000.0
2018-09-20,'603063,禾望电气,7.46,7.69,7.45,7.52,7.49,-0.03,-0.4005,1.3354,3409312,25667891.0,3133200000.0,1904538000.0
2018-09-19,'603063,禾望电气,7.49,7.57,7.35,7.41,7.42,0.07,0.9434,1.4877,3798000,28516977.0,3145800000.0,1912197000.0
2018-09-18,'603063,禾望电气,7.42,7.45,7.18,7.18,7.21,0.21,2.9126,0.8862,2262399,16608440.0,3116400000.0,1894326000.0
2018-09-17,'603063,禾望电气,7.21,7.37,7.17,7.37,7.38,-0.17,-2.3035,0.6486,1655900,11994197.0,3028200000.0,1840713000.0
2018-09-14,'603063,禾望电气,7.38,7.55,7.38,7.5,7.51,-0.13,-1.731,0.926,2364200,17675771.0,3099600000.0,1884114000.0
2018-09-13,'603063,禾望电气,7.51,7.62,7.41,7.6,7.51,0.0,0.0,1.0813,2760432,20687744.0,3154200000.0,1917303000.0
2018-09-12,'603063,禾望电气,7.51,7.7,7.47,7.55,7.52,-0.01,-0.133,1.3034,3327600,25217383.0,3154200000.0,1917303000.0
2018-09-11,'603063,禾望电气,7.52,7.6,7.22,7.23,7.24,0.28,3.8674,1.1662,2977312,22164653.0,3158400000.0,1919856000.0
2018-09-10,'603063,禾望电气,7.24,7.53,7.24,7.47,7.42,-0.18,-2.4259,0.8142,2078600,15306700.0,3040800000.0,1848372000.0
2018-09-07,'603063,禾望电气,7.42,7.62,7.35,7.38,7.49,-0.07,-0.9346,1.1758,3001800,22478374.0,3116400000.0,1894326000.0
2018-09-06,'603063,禾望电气,7.49,7.55,7.35,7.45,7.49,0.0,0.0,1.0299,2629400,19624105.0,3145800000.0,1912197000.0
2018-09-05,'603063,禾望电气,7.49,7.67,7.39,7.39,7.45,0.04,0.5369,1.644,4197100,31694564.0,3145800000.0,1912197000.0
2018-09-04,'603063,禾望电气,7.45,7.54,7.28,7.31,7.36,0.09,1.2228,1.4508,3703929,27498100.0,3129000000.0,1901985000.0
2018-09-03,'603063,禾望电气,7.36,7.55,7.15,7.15,7.25,0.11,1.5172,1.9929,5087925,37445100.0,3091200000.0,1879008000.0
2018-08-31,'603063,禾望电气,7.25,7.41,7.2,7.35,7.26,-0.01,-0.1377,1.9272,4920099,35849695.0,3045000000.0,1850925000.0
2018-08-30,'603063,禾望电气,7.26,7.8,7.25,7.8,8.05,-0.79,-9.8137,4.5033,11497024,86407973.0,3049200000.0,1853478000.0
2018-08-29,'603063,禾望电气,8.05,8.24,8.01,8.24,8.23,-0.18,-2.1871,1.5869,4051299,32830762.0,3381000000.0,2055165000.0
2018-08-28,'603063,禾望电气,8.23,8.25,8.12,8.21,8.21,0.02,0.2436,1.8613,4751983,38952978.0,3456600000.0,2101119000.0
2018-08-27,'603063,禾望电气,8.21,8.25,8.1,8.25,8.17,0.04,0.4896,2.0997,5360599,43856589.0,3448200000.0,2096013000.0
2018-08-24,'603063,禾望电气,8.17,8.45,7.97,8.0,8.05,0.12,1.4907,1.9858,5069691,41339365.0,3431400000.0,2085801000.0
2018-08-23,'603063,禾望电气,8.05,8.09,7.95,7.95,7.98,0.07,0.8772,0.8549,2182661,17547365.0,3381000000.0,2055165000.0
2018-08-22,'603063,禾望电气,7.98,8.18,7.96,8.18,8.16,-0.18,-2.2059,0.7567,1931756,15593586.0,3351600000.0,2037294000.0
2018-08-21,'603063,禾望电气,8.16,8.21,8.04,8.19,8.18,-0.02,-0.2445,1.1349,2897313,23633568.0,3427200000.0,2083248000.0
2018-08-20,'603063,禾望电气,8.18,8.18,7.92,8.18,8.07,0.11,1.3631,0.8487,2166699,17515306.0,3435600000.0,2088354000.0
2018-08-17,'603063,禾望电气,8.07,8.46,8.05,8.42,8.37,-0.3,-3.5842,1.07,2731828,22412865.0,3389400000.0,2060271000.0
2018-08-16,'603063,禾望电气,8.37,8.61,8.18,8.61,8.68,-0.31,-3.5714,1.4238,3635063,30426987.0,3515400000.0,2136861000.0
2018-08-15,'603063,禾望电气,8.68,8.85,8.63,8.76,8.81,-0.13,-1.4756,0.8371,2137113,18729752.0,3645600000.0,2216004000.0
2018-08-14,'603063,禾望电气,8.81,8.82,8.73,8.82,8.83,-0.02,-0.2265,0.7798,1990743,17502752.0,3700200000.0,2249193000.0
2018-08-13,'603063,禾望电气,8.83,8.87,8.58,8.66,8.76,0.07,0.7991,1.0838,2767043,24108741.0,3708600000.0,2254299000.0
2018-08-10,'603063,禾望电气,8.76,8.81,8.65,8.75,8.77,-0.01,-0.114,0.9263,2364800,20657601.0,3679200000.0,2236428000.0
2018-08-09,'603063,禾望电气,8.77,8.8,8.47,8.51,8.53,0.24,2.8136,1.4636,3736586,32626771.0,3683400000.0,2238981000.0
2018-08-08,'603063,禾望电气,8.53,8.89,8.47,8.89,8.89,-0.36,-4.0495,1.0268,2621386,22785999.0,3582600000.0,2177709000.0
2018-08-07,'603063,禾望电气,8.89,8.91,8.68,8.76,8.75,0.14,1.6,1.0402,2655543,23468350.0,3733800000.0,2269617000.0
2018-08-06,'603063,禾望电气,8.75,9.28,8.67,9.17,9.17,-0.42,-4.5802,0.8071,2060643,18349543.0,3675000000.0,2233875000.0
2018-08-03,'603063,禾望电气,9.17,9.53,9.13,9.53,9.49,-0.32,-3.372,0.5837,1490243,13930483.0,3851400000.0,2341101000.0
2018-08-02,'603063,禾望电气,9.49,10.28,9.4,10.2,10.19,-0.7,-6.8695,0.8096,2066900,19931062.0,3985800000.0,2422797000.0
2018-08-01,'603063,禾望电气,10.19,10.63,10.15,10.54,10.53,-0.34,-3.2289,0.6175,1576552,16386544.0,4279800000.0,2601507000.0
2018-07-31,'603063,禾望电气,10.53,10.68,10.4,10.56,10.58,-0.05,-0.4726,0.3115,795200,8380844.0,4422600000.0,2688309000.0
2018-07-30,'603063,禾望电气,10.58,11.03,10.52,10.97,10.96,-0.38,-3.4672,0.6716,1714500,18307720.0,4443600000.0,2701074000.0
2018-07-27,'603063,禾望电气,10.96,11.22,10.95,11.2,11.2,-0.24,-2.1429,2.2602,1356121,14947592.0,4603200000.0,657600000.0
2018-07-26,'603063,禾望电气,11.2,11.31,11.06,11.24,11.41,-0.21,-1.8405,3.3081,1984861,22174037.0,4704000000.0,672000000.0
2018-07-25,'603063,禾望电气,11.41,11.8,10.86,11.05,11.09,0.32,2.8855,6.3665,3819891,43304712.0,4792200000.0,684600000.0
2018-07-24,'603063,禾望电气,11.09,11.14,10.64,10.64,10.73,0.36,3.3551,3.7132,2227914,24388273.0,4657800000.0,665400000.0
2018-07-23,'603063,禾望电气,10.73,10.79,10.58,10.74,10.74,-0.01,-0.0931,1.5037,902214,9637325.0,4506600000.0,643800000.0
2018-07-20,'603063,禾望电气,10.74,10.83,10.49,10.49,10.56,0.18,1.7045,1.4865,891900,9541643.0,4510800000.0,644400000.0
2018-07-19,'603063,禾望电气,10.56,10.98,10.52,10.9,10.95,-0.39,-3.5616,2.4947,1496790,16018383.0,4435200000.0,633600000.0
2018-07-18,'603063,禾望电气,10.95,11.37,10.88,10.98,10.91,0.04,0.3666,3.0325,1819489,20137929.0,4599000000.0,657000000.0
2018-07-17,'603063,禾望电气,10.91,11.04,10.75,11.04,10.92,-0.01,-0.0916,1.3735,824099,8952915.0,4582200000.0,654600000.0
2018-07-16,'603063,禾望电气,10.92,11.14,10.86,11.14,10.92,0.0,0.0,1.3779,826714,9054034.0,4586400000.0,655200000.0
2018-07-13,'603063,禾望电气,10.92,11.02,10.82,10.96,10.93,-0.01,-0.0915,1.5487,929214,10159165.0,4586400000.0,655200000.0
2018-07-12,'603063,禾望电气,10.93,11.03,10.3,10.3,10.62,0.31,2.919,2.2854,1371261,14888448.0,4590600000.0,655800000.0
2018-07-11,'603063,禾望电气,10.62,11.1,10.38,11.1,11.17,-0.55,-4.9239,2.0827,1249600,13378037.0,4460400000.0,637200000.0
2018-07-10,'603063,禾望电气,11.17,11.18,10.85,11.18,11.02,0.15,1.3612,2.1464,1287814,14223482.0,4691400000.0,670200000.0
2018-07-09,'603063,禾望电气,11.02,11.04,10.75,10.77,10.71,0.31,2.8945,1.8204,1092212,11985564.0,4628400000.0,661200000.0
2018-07-06,'603063,禾望电气,10.71,10.93,10.24,10.7,10.72,-0.01,-0.0933,2.0587,1235200,13169820.0,4498200000.0,642600000.0
2018-07-05,'603063,禾望电气,10.72,11.08,10.7,10.89,10.8,-0.08,-0.7407,1.793,1075817,11701421.0,4502400000.0,643200000.0
2018-07-04,'603063,禾望电气,10.8,11.22,10.68,11.2,11.25,-0.45,-4.0,2.4471,1468281,16076195.0,4536000000.0,648000000.0
2018-07-03,'603063,禾望电气,11.25,11.3,10.86,11.06,11.06,0.19,1.7179,2.1455,1287293,14359324.0,4725000000.0,675000000.0
2018-07-02,'603063,禾望电气,11.06,11.37,10.89,11.22,11.31,-0.25,-2.2104,2.0827,1249600,13883308.0,4645200000.0,663600000.0
2018-06-29,'603063,禾望电气,11.31,11.39,10.85,10.86,10.96,0.35,3.1934,2.9341,1760443,19710846.0,4750200000.0,678600000.0
2018-06-28,'603063,禾望电气,10.96,11.16,10.86,10.92,10.92,0.04,0.3663,1.7888,1073265,11837240.0,4603200000.0,657600000.0
2018-06-27,'603063,禾望电气,10.92,11.28,10.85,10.94,11.06,-0.14,-1.2658,2.0872,1252292,13875855.0,4586400000.0,655200000.0
2018-06-26,'603063,禾望电气,11.06,11.27,10.36,10.7,10.7,0.36,3.3645,2.1157,1269401,13892188.0,4645200000.0,663600000.0
2018-06-25,'603063,禾望电气,10.7,10.95,10.65,10.71,10.66,0.04,0.3752,1.908,1144800,12384592.0,4494000000.0,642000000.0
2018-06-22,'603063,禾望电气,10.66,10.8,10.19,10.35,10.33,0.33,3.1946,2.4473,1468391,15536999.0,4477200000.0,639600000.0
2018-06-21,'603063,禾望电气,10.33,11.2,10.25,10.99,11.01,-0.68,-6.1762,2.7029,1621761,17366944.0,4338600000.0,619800000.0
2018-06-20,'603063,禾望电气,11.01,11.25,10.55,10.58,10.91,0.1,0.9166,2.4082,1444943,15787738.0,4624200000.0,660600000.0
2018-06-19,'603063,禾望电气,10.91,12.0,10.91,12.0,12.12,-1.21,-9.9835,3.8898,2333878,26164929.0,4582200000.0,654600000.0
2018-06-15,'603063,禾望电气,12.12,12.93,11.98,12.82,12.82,-0.7,-5.4602,3.0056,1803383,22131753.0,5090400000.0,727200000.0
2018-06-14,'603063,禾望电气,12.82,13.09,12.81,12.92,12.91,-0.09,-0.6971,1.5557,933400,12043602.0,5384400000.0,769200000.0
2018-06-13,'603063,禾望电气,12.91,13.27,12.81,13.15,13.3,-0.39,-2.9323,2.1987,1319200,17237386.0,5422200000.0,774600000.0
2018-06-12,'603063,禾望电气,13.3,13.48,13.06,13.3,13.33,-0.03,-0.2251,2.3635,1418107,18786054.0,5586000000.0,798000000.0
2018-06-11,'603063,禾望电气,13.33,13.41,13.05,13.05,13.24,0.09,0.6798,1.6757,1005400,13363397.0,5598600000.0,799800000.0
2018-06-08,'603063,禾望电气,13.24,13.59,13.03,13.58,13.49,-0.25,-1.8532,2.6789,1607331,21346089.0,5560800000.0,794400000.0
2018-06-07,'603063,禾望电气,13.49,13.85,13.48,13.7,13.83,-0.34,-2.4584,2.8409,1704543,23215149.0,5665800000.0,809400000.0
2018-06-06,'603063,禾望电气,13.83,14.09,13.3,13.5,13.46,0.37,2.7489,4.074,2444402,33538507.0,5808600000.0,829800000.0
2018-06-05,'603063,禾望电气,13.46,13.55,13.2,13.37,13.31,0.15,1.127,3.0146,1808735,24111350.0,5653200000.0,807600000.0
2018-06-04,'603063,XD禾望电,13.31,14.26,13.0,14.15,14.11,-0.8,-5.6697,3.7489,2249332,30088113.0,5590200000.0,798600000.0
2018-06-01,'603063,禾望电气,14.25,14.47,14.14,14.31,14.26,-0.01,-0.0701,1.7012,1020728,14596307.0,5985000000.0,855000000.0
2018-05-31,'603063,禾望电气,14.26,14.3,13.9,13.9,13.93,0.33,2.369,1.7815,1068900,15180973.0,5989200000.0,855600000.0
2018-05-30,'603063,禾望电气,13.93,14.77,13.83,14.74,14.88,-0.95,-6.3844,3.6476,2188589,31085910.0,5850600000.0,835800000.0
2018-05-29,'603063,禾望电气,14.88,15.15,14.67,14.82,14.9,-0.02,-0.1342,2.595,1557028,23296409.0,6249600000.0,892800000.0
2018-05-28,'603063,禾望电气,14.9,15.39,14.62,15.3,15.3,-0.4,-2.6144,3.1972,1918297,28691059.0,6258000000.0,894000000.0
2018-05-25,'603063,禾望电气,15.3,15.6,14.62,14.96,15.11,0.19,1.2574,4.5639,2738318,41560991.0,6426000000.0,918000000.0
2018-05-24,'603063,禾望电气,15.11,15.62,15.04,15.25,14.96,0.15,1.0027,4.0794,2447647,37394227.0,6346200000.0,906600000.0
2018-05-23,'603063,禾望电气,14.96,15.3,14.91,15.27,15.22,-0.26,-1.7083,2.7956,1677357,25328178.0,6283200000.0,897600000.0
2018-05-22,'603063,禾望电气,15.22,15.26,14.93,15.19,15.19,0.03,0.1975,2.7209,1632547,24603012.0,6392400000.0,913200000.0
2018-05-21,'603063,禾望电气,15.19,15.23,14.91,14.99,14.92,0.27,1.8097,3.0715,1842901,27818203.0,6379800000.0,911400000.0
2018-05-18,'603063,禾望电气,14.92,15.09,14.64,14.74,14.81,0.11,0.7427,2.705,1623012,24090805.0,6266400000.0,895200000.0
2018-05-17,'603063,禾望电气,14.81,14.95,14.61,14.63,14.8,0.01,0.0676,2.2444,1346655,19886172.0,6220200000.0,888600000.0
2018-05-16,'603063,禾望电气,14.8,15.18,14.58,14.66,14.59,0.21,1.4393,4.9148,2948872,43787155.0,6216000000.0,888000000.0
2018-05-15,'603063,禾望电气,14.59,14.6,14.22,14.32,14.24,0.35,2.4579,2.6501,1590068,22926300.0,6127800000.0,875400000.0
2018-05-14,'603063,禾望电气,14.24,14.48,14.15,14.25,14.37,-0.13,-0.9047,1.9709,1182548,16948593.0,5980800000.0,854400000.0
2018-05-11,'603063,禾望电气,14.37,14.75,14.35,14.71,14.74,-0.37,-2.5102,2.4587,1475206,21376064.0,6035400000.0,862200000.0
2018-05-10,'603063,禾望电气,14.74,14.8,14.51,14.7,14.71,0.03,0.2039,2.2827,1369643,20106242.0,6190800000.0,884400000.0
2018-05-09,'603063,禾望电气,14.71,14.8,14.42,14.48,14.48,0.23,1.5884,3.05,1829990,26760064.0,6178200000.0,882600000.0
2018-05-08,'603063,禾望电气,14.48,14.55,14.3,14.31,14.33,0.15,1.0468,2.1586,1295146,18727548.0,6081600000.0,868800000.0
2018-05-07,'603063,禾望电气,14.33,14.35,14.0,14.04,14.01,0.32,2.2841,2.9942,1796505,25608297.0,6018600000.0,859800000.0
2018-05-04,'603063,禾望电气,14.01,14.26,13.98,14.21,14.21,-0.2,-1.4075,1.8857,1131400,15932656.0,5884200000.0,840600000.0
2018-05-03,'603063,禾望电气,14.21,14.33,13.88,14.07,14.01,0.2,1.4276,1.9777,1186644,16743886.0,5968200000.0,852600000.0
2018-05-02,'603063,禾望电气,14.01,14.38,14.0,14.36,14.12,-0.11,-0.779,1.8199,1091961,15399034.0,5884200000.0,840600000.0
2018-04-27,'603063,禾望电气,14.12,14.39,13.87,14.33,14.52,-0.4,-2.7548,4.3076,2584586,36469801.0,5930400000.0,847200000.0
2018-04-26,'603063,禾望电气,14.52,15.0,14.52,15.0,16.13,-1.61,-9.9814,8.1449,4886920,71385984.0,6098400000.0,871200000.0
2018-04-25,'603063,禾望电气,16.13,16.39,15.73,15.86,15.93,0.2,1.2555,3.0058,1803500,29130277.0,6774600000.0,967800000.0
2018-04-24,'603063,禾望电气,15.93,15.96,15.22,15.22,15.43,0.5,3.2404,2.1424,1285441,20311397.0,6690600000.0,955800000.0
2018-04-23,'603063,禾望电气,15.43,15.8,15.2,15.8,15.31,0.12,0.7838,1.3922,835300,12968138.0,6480600000.0,925800000.0
2018-04-20,'603063,禾望电气,15.31,16.0,15.28,15.72,15.95,-0.64,-4.0125,1.8717,1122999,17515302.0,6430200000.0,918600000.0
2018-04-19,'603063,禾望电气,15.95,16.19,15.66,16.02,16.02,-0.07,-0.437,1.8805,1128300,17985608.0,6699000000.0,957000000.0
2018-04-18,'603063,禾望电气,16.02,16.12,15.2,15.88,15.68,0.34,2.1684,2.7264,1635814,25509758.0,6728400000.0,961200000.0
2018-04-17,'603063,禾望电气,15.68,16.39,15.61,16.24,16.13,-0.45,-2.7898,2.2962,1377714,22089599.0,6585600000.0,940800000.0
2018-04-16,'603063,禾望电气,16.13,16.81,16.0,16.57,16.77,-0.64,-3.8163,3.7683,2260959,36758898.0,6774600000.0,967800000.0
2018-04-13,'603063,禾望电气,16.77,17.2,16.45,17.2,17.06,-0.29,-1.6999,3.6488,2189284,37026218.0,7043400000.0,1006200000.0
2018-04-12,'603063,禾望电气,17.06,17.44,16.42,16.47,16.64,0.42,2.524,6.5709,3942531,67230710.0,7165200000.0,1023600000.0
2018-04-11,'603063,禾望电气,16.64,16.73,16.5,16.5,16.5,0.14,0.8485,3.0248,1814900,30136181.0,6988800000.0,998400000.0
2018-04-10,'603063,禾望电气,16.5,16.83,16.15,16.56,16.84,-0.34,-2.019,4.2552,2553100,41831968.0,6930000000.0,990000000.0
2018-04-09,'603063,禾望电气,16.84,16.95,15.84,16.22,16.61,0.23,1.3847,5.3767,3226004,53027550.0,7072800000.0,1010400000.0
2018-04-04,'603063,禾望电气,16.61,17.46,16.58,16.88,16.71,-0.1,-0.5984,6.8186,4091142,69710839.0,6976200000.0,996600000.0
2018-04-03,'603063,禾望电气,16.71,17.1,16.52,16.52,17.09,-0.38,-2.2235,7.7596,4655740,78091283.0,7018200000.0,1002600000.0
2018-04-02,'603063,禾望电气,17.09,17.68,16.7,16.88,16.54,0.55,3.3253,19.5075,11704481,201270066.0,7177800000.0,1025400000.0
2018-03-30,'603063,禾望电气,16.54,16.54,15.08,15.08,15.04,1.5,9.9734,9.5085,5705109,93057297.0,6946800000.0,992400000.0
2018-03-29,'603063,禾望电气,15.04,15.09,14.69,14.69,14.69,0.35,2.3826,2.2793,1367559,20458339.0,6316800000.0,902400000.0
2018-03-28,'603063,禾望电气,14.69,14.82,14.62,14.7,14.85,-0.16,-1.0774,1.4838,890290,13106602.0,6169800000.0,881400000.0
2018-03-27,'603063,禾望电气,14.85,14.98,14.57,14.57,14.52,0.33,2.2727,2.0256,1215343,18008730.0,6237000000.0,891000000.0
2018-03-26,'603063,禾望电气,14.52,14.69,13.81,13.81,14.47,0.05,0.3455,1.8022,1081320,15448355.0,6098400000.0,871200000.0
2018-03-23,'603063,禾望电气,14.47,15.14,14.06,15.14,15.59,-1.12,-7.1841,3.7912,2274714,33594524.0,6077400000.0,868200000.0
2018-03-22,'603063,禾望电气,15.59,15.78,15.33,15.36,15.52,0.07,0.451,2.4416,1464943,22793621.0,6547800000.0,935400000.0
2018-03-21,'603063,禾望电气,15.52,15.98,15.35,15.39,15.32,0.2,1.3055,3.9945,2396676,37699360.0,6518400000.0,931200000.0
2018-03-20,'603063,禾望电气,15.32,15.39,15.05,15.15,15.28,0.04,0.2618,1.3495,809686,12310785.0,6434400000.0,919200000.0
2018-03-19,'603063,禾望电气,15.28,15.36,15.03,15.05,15.03,0.25,1.6633,1.3684,821043,12500721.0,6417600000.0,916800000.0
2018-03-16,'603063,禾望电气,15.03,15.24,15.0,15.1,15.1,-0.07,-0.4636,1.3594,815629,12348556.0,6312600000.0,901800000.0
2018-03-15,'603063,禾望电气,15.1,15.6,14.87,15.6,15.71,-0.61,-3.8829,3.1827,1909600,29042327.0,6342000000.0,906000000.0
2018-03-14,'603063,禾望电气,15.71,15.91,15.62,15.69,15.8,-0.09,-0.5696,1.5899,953912,15030689.0,6598200000.0,942600000.0
2018-03-13,'603063,禾望电气,15.8,16.15,15.78,16.15,16.16,-0.36,-2.2277,2.2828,1369700,21796314.0,6636000000.0,948000000.0
2018-03-12,'603063,禾望电气,16.16,16.39,15.6,15.7,15.7,0.46,2.9299,3.9231,2353847,37740616.0,6787200000.0,969600000.0
2018-03-09,'603063,禾望电气,15.7,15.76,15.37,15.63,15.63,0.07,0.4479,3.2893,1973587,30762762.0,6594000000.0,942000000.0
2018-03-08,'603063,禾望电气,15.63,15.83,15.17,15.23,15.25,0.38,2.4918,3.5533,2131961,33120011.0,6564600000.0,937800000.0
2018-03-07,'603063,禾望电气,15.25,15.39,15.18,15.38,15.4,-0.15,-0.974,1.4366,861961,13161558.0,6405000000.0,915000000.0
2018-03-06,'603063,禾望电气,15.4,15.54,15.27,15.27,15.3,0.1,0.6536,1.9782,1186930,18273937.0,6468000000.0,924000000.0
2018-03-05,'603063,禾望电气,15.3,15.34,15.14,15.19,15.18,0.12,0.7905,1.2097,725800,11060377.0,6426000000.0,918000000.0
2018-03-02,'603063,禾望电气,15.18,15.49,15.17,15.4,15.62,-0.44,-2.8169,3.0198,1811896,27757254.0,6375600000.0,910800000.0
2018-03-01,'603063,禾望电气,15.62,15.99,14.71,14.72,14.84,0.78,5.2561,4.357,2614203,40158456.0,6560400000.0,937200000.0
2018-02-28,'603063,禾望电气,14.84,14.92,14.66,14.72,14.89,-0.05,-0.3358,1.6081,964839,14253463.0,6232800000.0,890400000.0
2018-02-27,'603063,禾望电气,14.89,15.04,14.84,14.89,14.97,-0.08,-0.5344,1.5933,955968,14249411.0,6253800000.0,893400000.0
2018-02-26,'603063,禾望电气,14.97,14.99,14.67,14.72,14.57,0.4,2.7454,2.0341,1220486,18118501.0,6287400000.0,898200000.0
2018-02-23,'603063,禾望电气,14.57,14.67,14.32,14.39,14.43,0.14,0.9702,1.323,793829,11527548.0,6119400000.0,874200000.0
2018-02-22,'603063,禾望电气,14.43,14.46,14.28,14.28,14.19,0.24,1.6913,0.9908,594500,8555349.0,6060600000.0,865800000.0
2018-02-14,'603063,禾望电气,14.19,14.39,14.15,14.19,14.28,-0.09,-0.6303,0.9217,553000,7880094.0,5959800000.0,851400000.0
2018-02-13,'603063,禾望电气,14.28,14.65,14.26,14.45,14.37,-0.09,-0.6263,1.4002,840114,12118617.0,5997600000.0,856800000.0
2018-02-12,'603063,禾望电气,14.37,14.55,14.04,14.04,13.98,0.39,2.7897,1.4869,892129,12828306.0,6035400000.0,862200000.0
2018-02-09,'603063,禾望电气,13.98,14.12,13.81,13.81,14.36,-0.38,-2.6462,2.3457,1407400,19632049.0,5871600000.0,838800000.0
2018-02-08,'603063,禾望电气,14.36,14.41,14.1,14.22,14.21,0.15,1.0556,1.6695,1001716,14361651.0,6031200000.0,861600000.0
2018-02-07,'603063,禾望电气,14.21,14.59,13.78,14.49,14.06,0.15,1.0669,2.677,1606209,22764146.0,5968200000.0,852600000.0
2018-02-06,'603063,禾望电气,14.06,15.6,14.04,15.6,15.6,-1.54,-9.8718,3.5365,2121900,31351485.0,5905200000.0,843600000.0
2018-02-05,'603063,禾望电气,15.6,15.78,15.44,15.73,15.83,-0.23,-1.4529,1.1052,663100,10358907.0,6552000000.0,936000000.0
2018-02-02,'603063,禾望电气,15.83,16.17,15.72,15.78,16.16,-0.33,-2.0421,1.9143,1148600,18241882.0,6648600000.0,949800000.0
2018-02-01,'603063,禾望电气,16.16,16.88,16.03,16.69,16.68,-0.52,-3.1175,2.8488,1709301,27779562.0,6787200000.0,969600000.0
2018-01-31,'603063,禾望电气,16.68,17.48,16.01,17.41,17.42,-0.74,-4.248,3.3255,1995300,33879832.0,7005600000.0,1000800000.0
2018-01-30,'603063,禾望电气,17.42,17.47,17.22,17.29,17.27,0.15,0.8686,1.6556,993386,17239266.0,7316400000.0,1045200000.0
2018-01-29,'603063,禾望电气,17.27,17.48,17.21,17.43,17.4,-0.13,-0.7471,2.0588,1235304,21387533.0,7253400000.0,1036200000.0
2018-01-26,'603063,禾望电气,17.4,17.77,17.37,17.57,17.62,-0.22,-1.2486,3.5496,2129789,37285769.0,7308000000.0,1044000000.0
2018-01-25,'603063,禾望电气,17.62,18.11,17.51,18.09,18.0,-0.38,-2.1111,4.7059,2823543,50450599.0,7400400000.0,1057200000.0
2018-01-24,'603063,禾望电气,18.0,18.17,17.76,17.79,17.89,0.11,0.6149,3.4918,2095071,37667352.0,7560000000.0,1080000000.0
2018-01-23,'603063,禾望电气,17.89,18.19,17.83,18.11,18.03,-0.14,-0.7765,2.5834,1550026,27881440.0,7513800000.0,1073400000.0
2018-01-22,'603063,禾望电气,18.03,18.16,17.78,18.16,18.27,-0.24,-1.3136,2.8327,1699647,30553368.0,7572600000.0,1081800000.0
2018-01-19,'603063,禾望电气,18.27,18.75,18.22,18.59,18.59,-0.32,-1.7214,3.0532,1831943,33796304.0,7673400000.0,1096200000.0
2018-01-18,'603063,禾望电气,18.59,18.85,18.26,18.46,18.5,0.09,0.4865,3.9076,2344585,43700629.0,7807800000.0,1115400000.0
2018-01-17,'603063,禾望电气,18.5,18.96,18.26,18.6,18.68,-0.18,-0.9636,4.7973,2878366,53580863.0,7770000000.0,1110000000.0
2018-01-16,'603063,禾望电气,18.68,18.69,17.61,17.81,17.81,0.87,4.8849,6.3915,3834918,70389464.0,7845600000.0,1120800000.0
2018-01-15,'603063,禾望电气,17.81,18.4,17.75,18.4,18.42,-0.61,-3.3116,2.4258,1455490,26266168.0,7480200000.0,1068600000.0
2018-01-12,'603063,禾望电气,18.42,18.57,18.1,18.4,18.47,-0.05,-0.2707,3.903,2341800,42963630.0,7736400000.0,1105200000.0
2018-01-11,'603063,禾望电气,18.47,18.48,17.89,18.0,18.21,0.26,1.4278,4.1642,2498510,45722240.0,7757400000.0,1108200000.0
2018-01-10,'603063,禾望电气,18.21,18.46,17.81,18.46,18.48,-0.27,-1.461,4.3953,2637207,47705844.0,7648200000.0,1092600000.0
2018-01-09,'603063,禾望电气,18.48,18.54,17.75,17.75,17.87,0.61,3.4135,7.6818,4609080,84618723.0,7761600000.0,1108800000.0
2018-01-08,'603063,禾望电气,17.87,17.87,17.52,17.78,17.79,0.08,0.4497,2.2988,1379284,24393293.0,7505400000.0,1072200000.0
2018-01-05,'603063,禾望电气,17.79,17.95,17.63,17.89,17.84,-0.05,-0.2803,2.255,1352999,24029262.0,7471800000.0,1067400000.0
2018-01-04,'603063,禾望电气,17.84,18.05,17.81,18.0,17.99,-0.15,-0.8338,1.7627,1057600,18929920.0,7492800000.0,1070400000.0
2018-01-03,'603063,禾望电气,17.99,18.12,17.88,18.1,18.05,-0.06,-0.3324,1.8797,1127795,20253321.0,7555800000.0,1079400000.0
2018-01-02,'603063,禾望电气,18.05,18.17,17.88,18.04,18.03,0.02,0.1109,1.7173,1030352,18586719.0,7581000000.0,1083000000.0
2017-12-29,'603063,禾望电气,18.03,18.06,17.75,17.93,17.99,0.04,0.2223,1.7888,1073277,19224266.0,7572600000.0,1081800000.0
2017-12-28,'603063,禾望电气,17.99,18.3,17.84,17.92,17.91,0.08,0.4467,2.5408,1524508,27574874.0,7555800000.0,1079400000.0
2017-12-27,'603063,禾望电气,17.91,18.15,17.85,18.0,18.16,-0.25,-1.3767,2.7398,1643903,29574201.0,7522200000.0,1074600000.0
2017-12-26,'603063,禾望电气,18.16,18.33,17.22,17.22,17.35,0.81,4.6686,5.0945,3056729,54760512.0,7627200000.0,1089600000.0
2017-12-25,'603063,禾望电气,17.35,17.55,17.15,17.41,17.56,-0.21,-1.1959,1.6352,981147,16957016.0,7287000000.0,1041000000.0
2017-12-22,'603063,禾望电气,17.56,17.84,17.4,17.5,17.36,0.2,1.1521,1.7913,1074800,18960215.0,7375200000.0,1053600000.0
2017-12-21,'603063,禾望电气,17.36,17.44,17.22,17.44,17.25,0.11,0.6377,1.3125,787486,13673458.0,7291200000.0,1041600000.0
2017-12-20,'603063,禾望电气,17.25,17.79,17.23,17.68,17.69,-0.44,-2.4873,1.4837,890223,15532687.0,7245000000.0,1035000000.0
2017-12-19,'603063,禾望电气,17.69,17.75,17.5,17.5,17.56,0.13,0.7403,1.0201,612080,10820231.0,7429800000.0,1061400000.0
2017-12-18,'603063,禾望电气,17.56,17.74,17.38,17.71,17.79,-0.23,-1.2929,1.3441,806443,14172965.0,7375200000.0,1053600000.0
2017-12-15,'603063,禾望电气,17.79,17.95,17.7,17.92,17.91,-0.12,-0.67,1.3061,783643,13967650.0,7471800000.0,1067400000.0
2017-12-14,'603063,禾望电气,17.91,17.97,17.71,17.89,17.79,0.12,0.6745,2.071,1242587,22160036.0,7522200000.0,1074600000.0
2017-12-13,'603063,禾望电气,17.79,17.93,17.6,17.6,17.63,0.16,0.9075,1.4788,887304,15763823.0,7471800000.0,1067400000.0
2017-12-12,'603063,禾望电气,17.63,18.26,17.51,18.09,18.19,-0.56,-3.0786,2.1818,1309061,23422766.0,7404600000.0,1057800000.0
2017-12-11,'603063,禾望电气,18.19,18.31,18.05,18.05,18.03,0.16,0.8874,2.0712,1242716,22575847.0,7639800000.0,1091400000.0
2017-12-08,'603063,禾望电气,18.03,18.22,17.5,17.5,17.57,0.46,2.6181,2.9117,1747012,31320718.0,7572600000.0,1081800000.0
2017-12-07,'603063,禾望电气,17.57,17.72,17.45,17.6,17.59,-0.02,-0.1137,2.0246,1214743,21357339.0,7379400000.0,1054200000.0
2017-12-06,'603063,禾望电气,17.59,17.6,17.2,17.2,17.37,0.22,1.2666,2.1856,1311350,22847080.0,7387800000.0,1055400000.0
2017-12-05,'603063,禾望电气,17.37,18.24,17.2,17.84,17.88,-0.51,-2.8523,2.6215,1572882,27813763.0,7295400000.0,1042200000.0
2017-12-04,'603063,禾望电气,17.88,18.6,17.88,18.6,18.67,-0.79,-4.2314,3.39,2034020,36793320.0,7509600000.0,1072800000.0
2017-12-01,'603063,禾望电气,18.67,18.73,18.5,18.61,18.61,0.06,0.3224,1.5516,930986,17351882.0,7841400000.0,1120200000.0
2017-11-30,'603063,禾望电气,18.61,19.0,18.52,18.68,18.78,-0.17,-0.9052,2.1631,1297851,24337309.0,7816200000.0,1116600000.0
2017-11-29,'603063,禾望电气,18.78,19.48,18.33,19.46,19.46,-0.68,-3.4943,3.7945,2276721,42850498.0,7887600000.0,1126800000.0
2017-11-28,'603063,禾望电气,19.46,19.58,19.26,19.41,19.31,0.15,0.7768,1.7284,1037040,20138751.0,8173200000.0,1167600000.0
2017-11-27,'603063,禾望电气,19.31,19.59,19.28,19.42,19.36,-0.05,-0.2583,1.8685,1121106,21732533.0,8110200000.0,1158600000.0
2017-11-24,'603063,禾望电气,19.36,19.66,19.28,19.42,19.42,-0.06,-0.309,2.0374,1222439,23788072.0,8131200000.0,1161600000.0
2017-11-23,'603063,禾望电气,19.42,20.49,19.26,20.38,20.52,-1.1,-5.3606,3.7087,2225210,44612401.0,8156400000.0,1165200000.0
2017-11-22,'603063,禾望电气,20.52,20.85,20.4,20.75,20.85,-0.33,-1.5827,3.2819,1969141,40588840.0,8618400000.0,1231200000.0
2017-11-21,'603063,禾望电气,20.85,21.19,20.6,20.8,20.75,0.1,0.4819,4.6346,2780733,58311955.0,8757000000.0,1251000000.0
2017-11-20,'603063,禾望电气,20.75,20.76,20.02,20.41,20.5,0.25,1.2195,3.0818,1849076,38002104.0,8715000000.0,1245000000.0
2017-11-17,'603063,禾望电气,20.5,21.27,20.22,20.91,21.41,-0.91,-4.2504,7.5742,4544541,93394006.0,8610000000.0,1230000000.0
2017-11-16,'603063,禾望电气,21.41,22.27,21.4,21.7,21.89,-0.48,-2.1928,4.7356,2841350,61911126.0,8992200000.0,1284600000.0
2017-11-15,'603063,禾望电气,21.89,22.06,21.55,21.94,22.2,-0.31,-1.3964,6.6733,4003999,87203294.0,9193800000.0,1313400000.0
2017-11-14,'603063,禾望电气,22.2,22.99,22.07,22.83,22.73,-0.53,-2.3317,9.1352,5481135,122361118.0,9324000000.0,1332000000.0
2017-11-13,'603063,禾望电气,22.73,23.68,22.05,22.33,22.12,0.61,2.7577,15.345,9207018,210257388.0,9546600000.0,1363800000.0
2017-11-10,'603063,禾望电气,22.12,22.69,21.21,21.39,21.46,0.66,3.0755,9.966,5979608,131214323.0,9290400000.0,1327200000.0
2017-11-09,'603063,禾望电气,21.46,21.77,21.28,21.5,21.57,-0.11,-0.51,4.3141,2588445,55617748.0,9013200000.0,1287600000.0
2017-11-08,'603063,禾望电气,21.57,21.86,21.22,21.28,21.28,0.29,1.3628,5.5766,3345949,72295250.0,9059400000.0,1294200000.0
2017-11-07,'603063,禾望电气,21.28,21.48,21.11,21.33,21.33,-0.05,-0.2344,2.7316,1638951,34752414.0,8937600000.0,1276800000.0
2017-11-06,'603063,禾望电气,21.33,21.37,20.83,21.03,20.82,0.51,2.4496,3.5297,2117837,44885945.0,8958600000.0,1279800000.0
2017-11-03,'603063,禾望电气,20.82,21.25,20.73,21.0,21.09,-0.27,-1.2802,2.9395,1763728,36918128.0,8744400000.0,1249200000.0
2017-11-02,'603063,禾望电气,21.09,21.4,20.8,21.01,21.04,0.05,0.2376,3.8366,2301982,48630561.0,8857800000.0,1265400000.0
2017-11-01,'603063,禾望电气,21.04,21.26,20.66,20.67,20.74,0.3,1.4465,3.6531,2191883,45849939.0,8836800000.0,1262400000.0
2017-10-31,'603063,禾望电气,20.74,20.82,20.4,20.43,20.45,0.29,1.4181,2.5258,1515482,31359061.0,8710800000.0,1244400000.0
2017-10-30,'603063,禾望电气,20.45,21.41,20.22,21.1,21.24,-0.79,-3.7194,4.2721,2563247,52797141.0,8589000000.0,1227000000.0
2017-10-27,'603063,禾望电气,21.24,21.74,21.19,21.64,21.62,-0.38,-1.7576,2.9882,1792911,38364766.0,8920800000.0,1274400000.0
2017-10-26,'603063,禾望电气,21.62,21.67,21.34,21.36,21.44,0.18,0.8396,3.8195,2291721,49397399.0,9080400000.0,1297200000.0
2017-10-25,'603063,禾望电气,21.44,21.46,21.15,21.23,21.13,0.31,1.4671,3.3492,2009526,42948073.0,9004800000.0,1286400000.0
2017-10-24,'603063,禾望电气,21.13,21.4,20.8,21.4,21.42,-0.29,-1.3539,3.4163,2049768,43162804.0,8874600000.0,1267800000.0
2017-10-23,'603063,禾望电气,21.42,21.43,21.14,21.22,21.14,0.28,1.3245,2.4791,1487460,31719291.0,8996400000.0,1285200000.0
2017-10-20,'603063,禾望电气,21.14,21.2,20.85,20.87,20.87,0.27,1.2937,1.9522,1171337,24696744.0,8878800000.0,1268400000.0
2017-10-19,'603063,禾望电气,20.87,21.22,20.85,21.02,21.12,-0.25,-1.1837,3.5017,2101044,44187175.0,8765400000.0,1252200000.0
2017-10-18,'603063,禾望电气,21.12,21.92,21.1,21.67,21.8,-0.68,-3.1193,4.2483,2548987,54866676.0,8870400000.0,1267200000.0
2017-10-17,'603063,禾望电气,21.8,21.97,21.61,21.61,21.67,0.13,0.5999,2.8193,1691598,36911965.0,9156000000.0,1308000000.0
2017-10-16,'603063,禾望电气,21.67,22.6,21.61,22.55,22.55,-0.88,-3.9024,6.1166,3669988,80580262.0,9101400000.0,1300200000.0
2017-10-13,'603063,禾望电气,22.55,22.58,22.01,22.1,22.12,0.43,1.9439,4.8541,2912433,65437831.0,9471000000.0,1353000000.0
2017-10-12,'603063,禾望电气,22.12,22.5,22.01,22.48,22.4,-0.28,-1.25,4.7831,2869836,63955807.0,9290400000.0,1327200000.0
2017-10-11,'603063,禾望电气,22.4,22.54,22.25,22.34,22.34,0.06,0.2686,5.6724,3403443,76263485.0,9408000000.0,1344000000.0
2017-10-10,'603063,禾望电气,22.34,22.35,21.72,21.91,21.88,0.46,2.1024,4.9583,2974986,65727103.0,9382800000.0,1340400000.0
2017-10-09,'603063,禾望电气,21.88,22.2,21.86,21.98,21.7,0.18,0.8295,3.2868,1972099,43283008.0,9189600000.0,1312800000.0
2017-09-29,'603063,禾望电气,21.7,21.81,21.47,21.52,21.52,0.18,0.8364,3.9572,2374295,51397026.0,9114000000.0,1302000000.0
2017-09-28,'603063,禾望电气,21.52,21.97,21.51,21.84,21.93,-0.41,-1.8696,5.1886,3113164,67510955.0,9038400000.0,1291200000.0
2017-09-27,'603063,禾望电气,21.93,22.07,21.65,21.68,21.67,0.26,1.1998,3.7655,2259307,49539479.0,9210600000.0,1315800000.0
2017-09-26,'603063,禾望电气,21.67,22.72,21.53,22.55,22.55,-0.88,-3.9024,8.0314,4818865,105556931.0,9101400000.0,1300200000.0
2017-09-25,'603063,禾望电气,22.55,23.19,22.52,22.96,23.09,-0.54,-2.3387,5.2312,3138694,71951773.0,9471000000.0,1353000000.0
2017-09-22,'603063,禾望电气,23.09,23.23,22.46,22.76,22.85,0.24,1.0503,7.4458,4467461,102110213.0,9697800000.0,1385400000.0
2017-09-21,'603063,禾望电气,22.85,23.65,22.8,23.23,23.29,-0.44,-1.8892,7.2414,4344834,101108495.0,9597000000.0,1371000000.0
2017-09-20,'603063,禾望电气,23.29,23.42,22.63,22.94,23.11,0.18,0.7789,8.3434,5006016,115165927.0,9781800000.0,1397400000.0
2017-09-19,'603063,禾望电气,23.11,23.29,22.95,23.0,23.04,0.07,0.3038,5.9486,3569158,82627915.0,9706200000.0,1386600000.0
2017-09-18,'603063,禾望电气,23.04,23.15,22.65,22.96,23.15,-0.11,-0.4752,6.2376,3742585,85789449.0,9676800000.0,1382400000.0
2017-09-15,'603063,禾望电气,23.15,23.5,22.9,23.2,23.16,-0.01,-0.0432,7.4952,4497090,104437006.0,9723000000.0,1389000000.0
2017-09-14,'603063,禾望电气,23.16,23.85,23.08,23.69,23.66,-0.5,-2.1133,11.3681,6820844,159745030.0,9727200000.0,1389600000.0
2017-09-13,'603063,禾望电气,23.66,23.99,23.32,23.52,23.87,-0.21,-0.8798,12.4433,7465955,176181427.0,9937200000.0,1419600000.0
2017-09-12,'603063,禾望电气,23.87,25.01,23.84,25.01,25.08,-1.21,-4.8246,20.3686,12221146,297826724.0,10025400000.0,1432200000.0
2017-09-11,'603063,禾望电气,25.08,26.25,24.82,25.29,25.34,-0.26,-1.026,24.5497,14729808,373272316.0,10533600000.0,1504800000.0
2017-09-08,'603063,禾望电气,25.34,25.48,23.81,23.81,24.32,1.02,4.1941,31.0645,18638706,464275772.0,10642800000.0,1520400000.0
2017-09-07,'603063,禾望电气,24.32,25.09,24.29,24.59,24.82,-0.5,-2.0145,23.1335,13880081,341995802.0,10214400000.0,1459200000.0
2017-09-06,'603063,禾望电气,24.82,24.88,22.86,23.4,23.88,0.94,3.9363,28.3061,16983639,407374231.0,10424400000.0,1489200000.0
2017-09-05,'603063,禾望电气,23.88,24.45,23.32,24.45,23.61,0.27,1.1436,14.5903,8754174,210042812.0,10029600000.0,1432800000.0
2017-09-04,'603063,禾望电气,23.61,24.15,23.32,23.93,24.24,-0.63,-2.599,16.1554,9693235,228791599.0,9916200000.0,1416600000.0
2017-09-01,'603063,禾望电气,24.24,25.35,23.86,24.81,24.85,-0.61,-2.4547,20.6835,12410114,302908029.0,10180800000.0,1454400000.0
2017-08-31,'603063,禾望电气,24.85,24.89,23.6,23.61,23.75,1.1,4.6316,26.1761,15705670,383022839.0,10437000000.0,1491000000.0
2017-08-30,'603063,禾望电气,23.75,24.85,23.0,24.0,24.77,-1.02,-4.1179,28.9592,17375511,413195397.0,9975000000.0,1425000000.0
2017-08-29,'603063,禾望电气,24.77,26.46,24.11,24.17,24.57,0.2,0.814,41.9051,25143050,632442037.0,10403400000.0,1486200000.0
2017-08-28,'603063,禾望电气,24.57,24.95,23.32,23.65,23.33,1.24,5.315,31.0686,18641138,448353025.0,10319400000.0,1474200000.0
2017-08-25,'603063,禾望电气,23.33,23.98,21.71,21.81,22.22,1.11,4.9955,28.4617,17077027,391758008.0,9798600000.0,1399800000.0
2017-08-24,'603063,禾望电气,22.22,22.98,21.93,22.15,21.94,0.28,1.2762,22.2812,13368702,299333602.0,9332400000.0,1333200000.0
2017-08-23,'603063,禾望电气,21.94,22.29,21.5,21.79,21.97,-0.03,-0.1365,13.1946,7916755,173465979.0,9214800000.0,1316400000.0
2017-08-22,'603063,禾望电气,21.97,22.17,21.32,21.7,21.58,0.39,1.8072,16.116,9669617,210294581.0,9227400000.0,1318200000.0
2017-08-21,'603063,禾望电气,21.58,21.6,20.75,20.84,20.73,0.85,4.1003,11.0473,6628392,140810306.0,9063600000.0,1294800000.0
2017-08-18,'603063,禾望电气,20.73,21.06,20.7,21.06,21.24,-0.51,-2.4011,8.2869,4972115,103425835.0,8706600000.0,1243800000.0
2017-08-17,'603063,禾望电气,21.24,21.49,21.2,21.4,21.55,-0.31,-1.4385,9.5202,5712097,121795174.0,8920800000.0,1274400000.0
2017-08-16,'603063,禾望电气,21.55,21.64,21.14,21.24,21.18,0.37,1.7469,11.4937,6896226,148096745.0,9051000000.0,1293000000.0
2017-08-15,'603063,禾望电气,21.18,21.23,20.72,20.84,20.9,0.28,1.3397,8.9441,5366448,112829805.0,8895600000.0,1270800000.0
2017-08-14,'603063,禾望电气,20.9,21.01,20.5,20.83,20.76,0.14,0.6744,7.7963,4677757,97444616.0,8778000000.0,1254000000.0
2017-08-11,'603063,禾望电气,20.76,21.75,20.7,21.75,21.74,-0.98,-4.5078,12.0509,7230510,152426737.0,8719200000.0,1245600000.0
2017-08-10,'603063,禾望电气,21.74,22.22,21.56,21.69,21.72,0.02,0.0921,10.0126,6007571,131105691.0,9130800000.0,1304400000.0
2017-08-09,'603063,禾望电气,21.72,22.34,21.51,22.0,22.19,-0.47,-2.1181,13.0985,7859082,172103128.0,9122400000.0,1303200000.0
2017-08-08,'603063,禾望电气,22.19,23.09,22.1,23.09,23.25,-1.06,-4.5591,19.1388,11483261,257356418.0,9319800000.0,1331400000.0
2017-08-07,'603063,禾望电气,23.25,23.88,22.93,23.3,23.27,-0.02,-0.0859,20.0294,12017658,280145232.0,9765000000.0,1395000000.0
2017-08-04,'603063,禾望电气,23.27,24.34,22.93,24.05,24.91,-1.64,-6.5837,29.6212,17772743,419889355.0,9773400000.0,1396200000.0
2017-08-03,'603063,禾望电气,24.91,26.98,23.81,25.6,25.61,-0.7,-2.7333,45.9577,27574642,688193995.0,10462200000.0,1494600000.0
2017-08-02,'603063,禾望电气,25.61,25.61,25.61,25.61,23.28,2.33,10.0086,0.2853,171172,4383715.0,10756200000.0,1536600000.0
2017-08-01,'603063,禾望电气,23.28,23.28,23.28,23.28,21.16,2.12,10.0189,0.0391,23443,545753.0,9777600000.0,1396800000.0
2017-07-31,'603063,禾望电气,21.16,21.16,21.16,21.16,19.24,1.92,9.9792,0.0298,17900,378764.0,8887200000.0,1269600000.0
2017-07-28,'603063,N禾望,19.24,19.24,16.03,16.03,13.36,5.88,44.012,0.0352,21100,402754.0,8080800000.0,1154400000.0
